Car Id,Tramo Id,UTM Index,REAL Index,Car Time,Speed,Status,Utm X,Utm Y,Norm X,Norm Y,Avg Speed,Track Time,Distance,Remaining Distance,Error
22,0,11,10,4378,0.0,start,5837933,447996,-68,-30,-1.0,0,102,13455,271
,,,11,,24.0,,,,,,,1,149,13518
,,,12,,24.0,,,,,,,3,179,13487
,,,13,,24.0,,,,,,,3,194,13473
,,,14,,24.0,,,,,,,4,207,13460
,,,15,,24.0,,,,,,,4,221,13446
,,,16,,24.0,,,,,,,5,236,13431
,,,17,,24.0,,,,,,,8,300,13367
,,,18,,24.0,,,,,,,8,314,13353
,,,19,,24.0,,,,,,,9,328,13339
,,,20,,24.0,,,,,,,10,365,13302
,,,21,,24.0,,,,,,,11,376,13290
,,,22,,24.0,,,,,,,12,395,13271
,,,23,,24.0,,,,,,,14,461,13206
,,,24,,24.0,,,,,,,15,476,13191
,,,25,,24.0,,,,,,,16,492,13175
,,,26,,24.0,,,,,,,16,510,13156
,,,27,,24.0,,,,,,,17,532,13135
,,,28,,24.0,,,,,,,18,551,13115
,,,29,,24.0,,,,,,,19,567,13099
22,0,40,30,4398,27.3,running,5838169,447879,168,-146,24.0,20,584,12973,8
,,,31,,22.3,,,,,,,21,623,13044
,,,32,,22.3,,,,,,,22,633,13034
,,,33,,22.3,,,,,,,23,653,13014
,,,34,,22.3,,,,,,,23,672,12995
,,,35,,22.3,,,,,,,26,738,12928
,,,36,,22.3,,,,,,,27,756,12911
,,,37,,22.3,,,,,,,28,775,12891
,,,38,,22.3,,,,,,,29,795,12872
,,,39,,22.3,,,,,,,30,815,12852
,,,40,,22.3,,,,,,,30,825,12841
,,,41,,22.3,,,,,,,31,836,12830
,,,42,,22.3,,,,,,,31,848,12819
,,,43,,22.3,,,,,,,32,860,12807
,,,44,,22.3,,,,,,,32,872,12794
,,,45,,22.3,,,,,,,33,885,12782
,,,46,,22.3,,,,,,,34,897,12770
,,,47,,22.3,,,,,,,34,908,12759
,,,48,,22.3,,,,,,,35,924,12743
,,,49,,22.3,,,,,,,36,942,12725
,,,50,,22.3,,,,,,,36,951,12715
,,,51,,22.3,,,,,,,37,968,12699
,,,52,,22.3,,,,,,,37,981,12686
,,,53,,22.3,,,,,,,38,995,12671
,,,54,,22.3,,,,,,,38,1005,12661
22,0,68,55,4418,21.6,running,5838145,447591,144,-434,22.3,40,1030,12527,4
,,,56,,15.0,,,,,,,40,1041,12625
,,,57,,15.0,,,,,,,41,1052,12614
,,,58,,15.0,,,,,,,42,1064,12603
,,,59,,15.0,,,,,,,43,1075,12592
,,,60,,15.0,,,,,,,44,1098,12569
,,,61,,15.0,,,,,,,45,1109,12558
,,,62,,15.0,,,,,,,45,1119,12547
,,,63,,15.0,,,,,,,47,1138,12529
,,,64,,15.0,,,,,,,48,1154,12512
,,,65,,15.0,,,,,,,50,1182,12484
,,,66,,15.0,,,,,,,51,1207,12459
,,,67,,15.0,,,,,,,52,1217,12449
,,,68,,15.0,,,,,,,53,1228,12439
,,,69,,15.0,,,,,,,53,1239,12427
,,,70,,15.0,,,,,,,55,1267,12399
,,,71,,15.0,,,,,,,56,1278,12389
22,0,97,72,4438,25.6,running,5838010,447748,8,-278,15.0,60,1330,12227,3
,,,73,,21.6,,,,,,,61,1365,12302
,,,74,,21.6,,,,,,,62,1385,12282
,,,75,,21.6,,,,,,,63,1395,12271
,,,76,,21.6,,,,,,,63,1405,12261
,,,77,,21.6,,,,,,,63,1415,12251
,,,78,,21.6,,,,,,,64,1434,12232
,,,79,,21.6,,,,,,,65,1452,12214
,,,80,,21.6,,,,,,,66,1469,12198
,,,81,,21.6,,,,,,,67,1487,12180
,,,82,,21.6,,,,,,,67,1502,12164
,,,83,,21.6,,,,,,,69,1527,12140
,,,84,,21.6,,,,,,,69,1537,12130
,,,85,,21.6,,,,,,,70,1552,12114
,,,86,,21.6,,,,,,,71,1571,12096
,,,87,,21.6,,,,,,,71,1590,12077
,,,88,,21.6,,,,,,,72,1609,12057
,,,89,,21.6,,,,,,,73,1619,12047
,,,90,,21.6,,,,,,,73,1631,12035
,,,91,,21.6,,,,,,,74,1643,12023
,,,92,,21.6,,,,,,,75,1656,12011
,,,93,,21.6,,,,,,,75,1668,11999
,,,94,,21.6,,,,,,,76,1680,11987
,,,95,,21.6,,,,,,,76,1692,11975
,,,96,,21.6,,,,,,,77,1703,11963
,,,97,,21.6,,,,,,,77,1715,11952
,,,98,,21.6,,,,,,,78,1735,11932
22,0,128,99,4458,22.8,running,5837938,447376,-63,-649,21.6,80,1763,11794,6
,,,100,,22.1,,,,,,,80,1776,11890
,,,101,,22.1,,,,,,,81,1789,11877
,,,102,,22.1,,,,,,,82,1808,11859
,,,103,,22.1,,,,,,,82,1825,11841
,,,104,,22.1,,,,,,,83,1842,11824
,,,105,,22.1,,,,,,,84,1871,11796
,,,106,,22.1,,,,,,,85,1887,11779
,,,107,,22.1,,,,,,,86,1906,11760
,,,108,,22.1,,,,,,,87,1924,11743
,,,109,,22.1,,,,,,,88,1941,11725
,,,110,,22.1,,,,,,,88,1959,11708
,,,111,,22.1,,,,,,,89,1972,11695
,,,112,,22.1,,,,,,,89,1982,11684
,,,113,,22.1,,,,,,,90,2004,11663
,,,114,,22.1,,,,,,,91,2019,11648
,,,115,,22.1,,,,,,,92,2040,11627
,,,116,,22.1,,,,,,,93,2051,11616
,,,117,,22.1,,,,,,,93,2063,11604
,,,118,,22.1,,,,,,,94,2075,11592
,,,119,,22.1,,,,,,,94,2088,11579
,,,120,,22.1,,,,,,,95,2101,11566
,,,121,,22.1,,,,,,,95,2114,11553
,,,122,,22.1,,,,,,,96,2126,11541
,,,123,,22.1,,,,,,,97,2143,11523
,,,124,,22.1,,,,,,,97,2154,11512
,,,125,,22.1,,,,,,,98,2165,11502
,,,126,,22.1,,,,,,,98,2176,11491
,,,127,,22.1,,,,,,,99,2186,11481
,,,128,,22.1,,,,,,,99,2197,11470
,,,129,,22.1,,,,,,,100,2216,11451
,,,130,,22.1,,,,,,,101,2229,11438
,,,131,,22.1,,,,,,,102,2260,11406
,,,132,,22.1,,,,,,,103,2281,11386
,,,133,,22.1,,,,,,,104,2301,11365
,,,134,,22.1,,,,,,,104,2312,11355
,,,135,,22.1,,,,,,,105,2322,11344
,,,136,,22.1,,,,,,,106,2345,11322
,,,137,,22.1,,,,,,,106,2356,11310
,,,138,,22.1,,,,,,,107,2369,11298
,,,139,,22.1,,,,,,,107,2381,11286
,,,140,,22.1,,,,,,,108,2392,11275
22,0,173,141,4487,35.0,running,5837720,447071,-281,-954,22.1,109,2404,11153,9
,,,142,,22.7,,,,,,,109,2417,11249
,,,143,,22.7,,,,,,,110,2429,11237
,,,144,,22.7,,,,,,,110,2442,11224
,,,145,,22.7,,,,,,,111,2455,11212
,,,146,,22.7,,,,,,,111,2467,11200
,,,147,,22.7,,,,,,,112,2479,11188
,,,148,,22.7,,,,,,,112,2487,11180
,,,149,,22.7,,,,,,,113,2497,11169
,,,150,,22.7,,,,,,,113,2508,11159
,,,151,,22.7,,,,,,,114,2532,11135
,,,152,,22.7,,,,,,,115,2545,11121
,,,153,,22.7,,,,,,,115,2558,11109
,,,154,,22.7,,,,,,,116,2574,11092
,,,155,,22.7,,,,,,,117,2591,11076
,,,156,,22.7,,,,,,,118,2610,11057
,,,157,,22.7,,,,,,,118,2626,11041
,,,158,,22.7,,,,,,,119,2646,11021
,,,159,,22.7,,,,,,,120,2658,11008
,,,160,,22.7,,,,,,,120,2674,10993
,,,161,,22.7,,,,,,,121,2690,10976
,,,162,,22.7,,,,,,,122,2708,10959
,,,163,,22.7,,,,,,,122,2719,10948
,,,164,,22.7,,,,,,,123,2736,10931
,,,165,,22.7,,,,,,,124,2758,10908
,,,166,,22.7,,,,,,,125,2769,10898
,,,167,,22.7,,,,,,,125,2788,10879
,,,168,,22.7,,,,,,,126,2806,10860
,,,169,,22.7,,,,,,,127,2833,10834
,,,170,,22.7,,,,,,,128,2853,10814
,,,171,,22.7,,,,,,,129,2863,10804
,,,172,,22.7,,,,,,,129,2874,10793
,,,173,,22.7,,,,,,,130,2885,10782
,,,174,,22.7,,,,,,,130,2895,10772
,,,175,,22.7,,,,,,,131,2906,10761
,,,176,,22.7,,,,,,,131,2917,10750
,,,177,,22.7,,,,,,,132,2927,10739
22,0,212,178,4511,33.4,running,5837826,446718,-175,-1307,22.7,133,2950,10607,1
,,,179,,26.4,,,,,,,133,2962,10704
,,,180,,26.4,,,,,,,133,2973,10693
,,,181,,26.4,,,,,,,134,2983,10684
,,,182,,26.4,,,,,,,134,3002,10664
,,,183,,26.4,,,,,,,135,3022,10645
,,,184,,26.4,,,,,,,136,3041,10626
,,,185,,26.4,,,,,,,137,3057,10609
,,,186,,26.4,,,,,,,137,3069,10598
,,,187,,26.4,,,,,,,137,3074,10593
,,,188,,26.4,,,,,,,138,3084,10582
,,,189,,26.4,,,,,,,138,3097,10569
,,,190,,26.4,,,,,,,139,3114,10553
,,,191,,26.4,,,,,,,139,3132,10535
,,,192,,26.4,,,,,,,140,3151,10515
,,,193,,26.4,,,,,,,141,3161,10505
,,,194,,26.4,,,,,,,141,3172,10495
,,,195,,26.4,,,,,,,141,3183,10483
,,,196,,26.4,,,,,,,142,3194,10473
,,,197,,26.4,,,,,,,142,3204,10463
,,,198,,26.4,,,,,,,143,3223,10444
,,,199,,26.4,,,,,,,144,3243,10424
,,,200,,26.4,,,,,,,144,3259,10408
,,,201,,26.4,,,,,,,145,3270,10397
,,,202,,26.4,,,,,,,145,3281,10385
,,,203,,26.4,,,,,,,145,3293,10374
,,,204,,26.4,,,,,,,146,3305,10362
,,,205,,26.4,,,,,,,146,3317,10350
,,,206,,26.4,,,,,,,147,3329,10338
,,,207,,26.4,,,,,,,147,3340,10327
,,,208,,26.4,,,,,,,148,3350,10316
,,,209,,26.4,,,,,,,148,3361,10306
,,,210,,26.4,,,,,,,148,3372,10294
,,,211,,26.4,,,,,,,149,3384,10283
,,,212,,26.4,,,,,,,149,3388,10278
,,,213,,26.4,,,,,,,150,3412,10255
,,,214,,26.4,,,,,,,150,3425,10241
,,,215,,26.4,,,,,,,151,3438,10229
,,,216,,26.4,,,,,,,152,3455,10212
22,0,253,217,4531,24.5,running,5838204,446661,203,-1364,26.4,153,3479,10078,5
,,,218,,27.2,,,,,,,153,3499,10168
,,,219,,27.2,,,,,,,154,3511,10156
,,,220,,27.2,,,,,,,154,3523,10144
,,,221,,27.2,,,,,,,155,3535,10131
,,,222,,27.2,,,,,,,155,3547,10119
,,,223,,27.2,,,,,,,155,3559,10107
,,,224,,27.2,,,,,,,156,3572,10095
,,,225,,27.2,,,,,,,156,3584,10083
,,,226,,27.2,,,,,,,157,3596,10071
,,,227,,27.2,,,,,,,157,3607,10060
,,,228,,27.2,,,,,,,158,3617,10049
,,,229,,27.2,,,,,,,158,3629,10038
,,,230,,27.2,,,,,,,158,3640,10027
,,,231,,27.2,,,,,,,159,3651,10015
,,,232,,27.2,,,,,,,159,3663,10003
,,,233,,27.2,,,,,,,160,3674,9993
,,,234,,27.2,,,,,,,160,3685,9982
,,,235,,27.2,,,,,,,160,3696,9970
,,,236,,27.2,,,,,,,161,3708,9959
,,,237,,27.2,,,,,,,161,3717,9949
,,,238,,27.2,,,,,,,162,3737,9930
,,,239,,27.2,,,,,,,162,3747,9920
,,,240,,27.2,,,,,,,163,3758,9909
,,,241,,27.2,,,,,,,163,3769,9897
,,,242,,27.2,,,,,,,164,3781,9885
,,,243,,27.2,,,,,,,164,3793,9874
,,,244,,27.2,,,,,,,165,3806,9860
,,,245,,27.2,,,,,,,165,3818,9849
,,,246,,27.2,,,,,,,165,3830,9837
,,,247,,27.2,,,,,,,166,3842,9824
,,,248,,27.2,,,,,,,166,3854,9812
,,,249,,27.2,,,,,,,167,3866,9801
,,,250,,27.2,,,,,,,167,3878,9789
,,,251,,27.2,,,,,,,168,3889,9778
,,,252,,27.2,,,,,,,168,3903,9763
,,,253,,27.2,,,,,,,168,3914,9753
,,,254,,27.2,,,,,,,169,3933,9734
,,,255,,27.2,,,,,,,170,3951,9716
,,,256,,27.2,,,,,,,170,3968,9699
,,,257,,27.2,,,,,,,171,3984,9682
,,,258,,27.2,,,,,,,172,4001,9665
,,,259,,27.2,,,,,,,172,4015,9652
,,,260,,27.2,,,,,,,173,4036,9631
,,,261,,27.2,,,,,,,173,4047,9620
,,,262,,27.2,,,,,,,174,4057,9609
,,,263,,27.2,,,,,,,174,4068,9599
,,,264,,27.2,,,,,,,175,4078,9588
,,,265,,27.2,,,,,,,175,4089,9577
,,,266,,27.2,,,,,,,175,4100,9567
,,,267,,27.2,,,,,,,176,4111,9556
,,,268,,27.2,,,,,,,176,4121,9545
,,,269,,27.2,,,,,,,176,4130,9537
,,,270,,27.2,,,,,,,177,4150,9517
,,,271,,27.2,,,,,,,178,4159,9507
,,,272,,27.2,,,,,,,178,4170,9496
,,,273,,27.2,,,,,,,178,4181,9486
,,,274,,27.2,,,,,,,179,4192,9475
,,,275,,27.2,,,,,,,179,4202,9465
,,,276,,27.2,,,,,,,180,4220,9447
,,,277,,27.2,,,,,,,180,4238,9429
,,,278,,27.2,,,,,,,181,4256,9410
,,,279,,27.2,,,,,,,182,4273,9394
,,,280,,27.2,,,,,,,182,4292,9375
,,,281,,27.2,,,,,,,183,4312,9355
,,,282,,27.2,,,,,,,184,4323,9344
,,,283,,27.2,,,,,,,184,4335,9332
,,,284,,27.2,,,,,,,184,4347,9319
,,,285,,27.2,,,,,,,185,4359,9308
,,,286,,27.2,,,,,,,185,4373,9294
,,,287,,27.2,,,,,,,186,4385,9282
,,,288,,27.2,,,,,,,186,4396,9271
,,,289,,27.2,,,,,,,187,4406,9261
,,,290,,27.2,,,,,,,187,4416,9250
,,,291,,27.2,,,,,,,188,4435,9232
,,,292,,27.2,,,,,,,188,4454,9213
,,,293,,27.2,,,,,,,189,4485,9182
,,,294,,27.2,,,,,,,190,4499,9167
,,,295,,27.2,,,,,,,191,4517,9150
,,,296,,27.2,,,,,,,191,4534,9132
,,,297,,27.2,,,,,,,192,4556,9111
22,0,335,298,4571,28.3,running,5837263,446380,-738,-1645,27.2,193,4567,8990,4
,,,299,,20.5,,,,,,,193,4579,9087
,,,300,,20.5,,,,,,,194,4591,9076
,,,301,,20.5,,,,,,,195,4624,9042
,,,302,,20.5,,,,,,,196,4637,9029
,,,303,,20.5,,,,,,,197,4656,9011
,,,304,,20.5,,,,,,,198,4676,8991
,,,305,,20.5,,,,,,,199,4695,8971
,,,306,,20.5,,,,,,,200,4715,8952
,,,307,,20.5,,,,,,,201,4734,8933
,,,308,,20.5,,,,,,,201,4741,8926
,,,309,,20.5,,,,,,,201,4751,8916
,,,310,,20.5,,,,,,,203,4776,8891
,,,311,,20.5,,,,,,,203,4786,8881
,,,312,,20.5,,,,,,,204,4805,8861
,,,313,,20.5,,,,,,,205,4823,8843
,,,314,,20.5,,,,,,,206,4845,8821
,,,315,,20.5,,,,,,,207,4856,8810
,,,316,,20.5,,,,,,,207,4874,8793
,,,317,,20.5,,,,,,,208,4884,8783
,,,318,,20.5,,,,,,,209,4904,8762
,,,319,,20.5,,,,,,,210,4917,8749
,,,320,,20.5,,,,,,,210,4929,8738
,,,321,,20.5,,,,,,,211,4942,8725
,,,322,,20.5,,,,,,,212,4959,8708
22,0,360,323,4591,22.1,running,5837286,446188,-715,-1838,20.5,213,4979,8578,9
,,,324,,22.5,,,,,,,213,4989,8677
,,,325,,22.5,,,,,,,213,5000,8666
,,,326,,22.5,,,,,,,214,5011,8655
,,,327,,22.5,,,,,,,214,5017,8649
,,,328,,22.5,,,,,,,215,5028,8639
,,,329,,22.5,,,,,,,215,5038,8628
,,,330,,22.5,,,,,,,216,5056,8611
,,,331,,22.5,,,,,,,217,5074,8592
,,,332,,22.5,,,,,,,218,5095,8572
,,,333,,22.5,,,,,,,219,5115,8552
,,,334,,22.5,,,,,,,220,5138,8528
,,,335,,22.5,,,,,,,220,5149,8517
,,,336,,22.5,,,,,,,221,5161,8505
,,,337,,22.5,,,,,,,221,5172,8494
,,,338,,22.5,,,,,,,222,5183,8484
,,,339,,22.5,,,,,,,222,5193,8473
,,,340,,22.5,,,,,,,223,5213,8453
,,,341,,22.5,,,,,,,224,5233,8434
,,,342,,22.5,,,,,,,225,5253,8414
,,,343,,22.5,,,,,,,226,5283,8384
,,,344,,22.5,,,,,,,226,5294,8373
,,,345,,22.5,,,,,,,227,5304,8362
,,,346,,22.5,,,,,,,227,5316,8351
,,,347,,22.5,,,,,,,228,5327,8340
,,,348,,22.5,,,,,,,228,5337,8330
,,,349,,22.5,,,,,,,229,5351,8316
,,,350,,22.5,,,,,,,230,5366,8300
,,,351,,22.5,,,,,,,230,5381,8285
,,,352,,22.5,,,,,,,231,5397,8270
,,,353,,22.5,,,,,,,232,5413,8254
22,0,393,354,4611,22.5,running,5837627,446147,-374,-1878,22.5,233,5430,8127,2
,,,355,,33.7,,,,,,,233,5443,8223
,,,356,,33.7,,,,,,,233,5453,8213
,,,357,,33.7,,,,,,,233,5464,8203
,,,358,,33.7,,,,,,,234,5474,8192
,,,359,,33.7,,,,,,,234,5486,8181
,,,360,,33.7,,,,,,,234,5497,8170
,,,361,,33.7,,,,,,,235,5509,8158
,,,362,,33.7,,,,,,,235,5520,8147
,,,363,,33.7,,,,,,,235,5531,8136
,,,364,,33.7,,,,,,,236,5543,8124
,,,365,,33.7,,,,,,,236,5553,8113
,,,366,,33.7,,,,,,,236,5564,8102
,,,367,,33.7,,,,,,,237,5575,8091
,,,368,,33.7,,,,,,,237,5588,8078
,,,369,,33.7,,,,,,,238,5599,8067
,,,370,,33.7,,,,,,,238,5610,8056
,,,371,,33.7,,,,,,,238,5621,8045
,,,372,,33.7,,,,,,,238,5631,8035
,,,373,,33.7,,,,,,,239,5641,8025
,,,374,,33.7,,,,,,,239,5652,8015
,,,375,,33.7,,,,,,,239,5663,8004
,,,376,,33.7,,,,,,,240,5674,7992
,,,377,,33.7,,,,,,,240,5686,7981
,,,378,,33.7,,,,,,,240,5697,7970
,,,379,,33.7,,,,,,,241,5722,7945
,,,380,,33.7,,,,,,,242,5739,7928
,,,381,,33.7,,,,,,,242,5758,7908
,,,382,,33.7,,,,,,,243,5769,7898
,,,383,,33.7,,,,,,,243,5780,7886
,,,384,,33.7,,,,,,,243,5792,7874
,,,385,,33.7,,,,,,,244,5804,7862
,,,386,,33.7,,,,,,,244,5816,7851
,,,387,,33.7,,,,,,,244,5827,7840
,,,388,,33.7,,,,,,,245,5838,7829
,,,389,,33.7,,,,,,,245,5848,7819
,,,390,,33.7,,,,,,,245,5863,7804
,,,391,,33.7,,,,,,,246,5884,7782
,,,392,,33.7,,,,,,,246,5895,7772
,,,393,,33.7,,,,,,,247,5906,7761
,,,394,,33.7,,,,,,,247,5916,7750
,,,395,,33.7,,,,,,,247,5928,7739
,,,396,,33.7,,,,,,,248,5940,7727
,,,397,,33.7,,,,,,,248,5952,7714
,,,398,,33.7,,,,,,,248,5964,7702
,,,399,,33.7,,,,,,,249,5976,7690
,,,400,,33.7,,,,,,,249,5989,7678
,,,401,,33.7,,,,,,,249,6001,7665
,,,402,,33.7,,,,,,,250,6035,7632
,,,403,,33.7,,,,,,,251,6047,7619
,,,404,,33.7,,,,,,,251,6060,7607
,,,405,,33.7,,,,,,,251,6072,7595
,,,406,,33.7,,,,,,,252,6084,7583
,,,407,,33.7,,,,,,,252,6095,7572
,,,408,,33.7,,,,,,,254,6161,7506
,,,409,,33.7,,,,,,,256,6211,7455
,,,410,,33.7,,,,,,,256,6224,7442
,,,411,,33.7,,,,,,,256,6237,7429
,,,412,,33.7,,,,,,,257,6258,7409
,,,413,,33.7,,,,,,,258,6277,7390
,,,414,,33.7,,,,,,,258,6290,7376
,,,415,,33.7,,,,,,,258,6304,7363
,,,416,,33.7,,,,,,,259,6317,7350
,,,417,,33.7,,,,,,,259,6330,7337
22,0,457,418,4638,42.1,running,5838363,446622,362,-1403,33.7,260,6342,7215,6
,,,419,,18.9,,,,,,,260,6355,7312
,,,420,,18.9,,,,,,,261,6372,7295
,,,421,,18.9,,,,,,,262,6384,7283
,,,422,,18.9,,,,,,,262,6395,7271
,,,423,,18.9,,,,,,,263,6407,7259
,,,424,,18.9,,,,,,,264,6419,7248
,,,425,,18.9,,,,,,,264,6431,7236
,,,426,,18.9,,,,,,,265,6443,7224
,,,427,,18.9,,,,,,,265,6455,7211
,,,428,,18.9,,,,,,,266,6467,7199
,,,429,,18.9,,,,,,,267,6479,7188
,,,430,,18.9,,,,,,,267,6490,7177
,,,431,,18.9,,,,,,,268,6501,7166
,,,432,,18.9,,,,,,,269,6517,7149
,,,433,,18.9,,,,,,,269,6531,7135
,,,434,,18.9,,,,,,,270,6545,7122
,,,435,,18.9,,,,,,,272,6573,7094
,,,436,,18.9,,,,,,,273,6589,7077
,,,437,,18.9,,,,,,,274,6610,7057
,,,438,,18.9,,,,,,,275,6632,7035
,,,439,,18.9,,,,,,,276,6651,7015
,,,440,,18.9,,,,,,,277,6668,6998
,,,441,,18.9,,,,,,,277,6681,6985
,,,442,,18.9,,,,,,,278,6693,6974
,,,443,,18.9,,,,,,,279,6710,6957
,,,444,,18.9,,,,,,,280,6738,6928
,,,445,,18.9,,,,,,,282,6769,6897
22,0,486,446,4662,25.4,running,5838473,446848,472,-1177,18.9,284,6797,6760,9
,,,447,,25.3,,,,,,,285,6823,6843
,,,448,,25.3,,,,,,,286,6851,6816
,,,449,,25.3,,,,,,,287,6882,6784
,,,450,,25.3,,,,,,,288,6903,6763
,,,451,,25.3,,,,,,,289,6924,6742
,,,452,,25.3,,,,,,,289,6949,6718
,,,453,,25.3,,,,,,,290,6968,6699
,,,454,,25.3,,,,,,,291,6989,6678
,,,455,,25.3,,,,,,,292,7013,6654
,,,456,,25.3,,,,,,,293,7037,6629
,,,457,,25.3,,,,,,,294,7060,6607
,,,458,,25.3,,,,,,,295,7089,6578
,,,459,,25.3,,,,,,,296,7109,6558
,,,460,,25.3,,,,,,,297,7129,6538
,,,461,,25.3,,,,,,,298,7161,6506
,,,462,,25.3,,,,,,,299,7186,6481
,,,463,,25.3,,,,,,,300,7213,6453
,,,464,,25.3,,,,,,,301,7243,6424
,,,465,,25.3,,,,,,,303,7280,6387
22,0,506,466,4682,22.5,running,5838867,447088,866,-937,25.3,304,7303,6254,3
,,,467,,21.6,,,,,,,305,7335,6332
,,,468,,21.6,,,,,,,306,7358,6308
,,,469,,21.6,,,,,,,307,7369,6298
,,,470,,21.6,,,,,,,309,7425,6241
,,,471,,21.6,,,,,,,309,7432,6235
,,,472,,21.6,,,,,,,310,7454,6212
,,,473,,21.6,,,,,,,312,7484,6182
,,,474,,21.6,,,,,,,312,7494,6172
,,,475,,21.6,,,,,,,313,7505,6161
,,,476,,21.6,,,,,,,313,7517,6150
,,,477,,21.6,,,,,,,314,7526,6140
,,,478,,21.6,,,,,,,315,7546,6121
,,,479,,21.6,,,,,,,316,7569,6097
,,,480,,21.6,,,,,,,316,7580,6087
,,,481,,21.6,,,,,,,317,7592,6075
,,,482,,21.6,,,,,,,318,7613,6054
,,,483,,21.6,,,,,,,318,7626,6041
,,,484,,21.6,,,,,,,319,7638,6028
,,,485,,21.6,,,,,,,320,7651,6016
,,,486,,21.6,,,,,,,320,7663,6004
,,,487,,21.6,,,,,,,321,7675,5992
,,,488,,21.6,,,,,,,321,7687,5980
,,,489,,21.6,,,,,,,322,7699,5968
22,0,537,490,4702,11.6,running,5839255,447082,1253,-944,21.6,324,7736,5821,5
,,,491,,29.1,,,,,,,324,7754,5912
,,,492,,29.1,,,,,,,325,7775,5891
,,,493,,29.1,,,,,,,325,7788,5879
,,,494,,29.1,,,,,,,326,7802,5865
,,,495,,29.1,,,,,,,326,7815,5852
,,,496,,29.1,,,,,,,327,7838,5829
,,,497,,29.1,,,,,,,328,7874,5792
,,,498,,29.1,,,,,,,329,7886,5781
,,,499,,29.1,,,,,,,329,7897,5769
,,,500,,29.1,,,,,,,330,7927,5739
,,,501,,29.1,,,,,,,330,7939,5728
,,,502,,29.1,,,,,,,331,7950,5717
,,,503,,29.1,,,,,,,331,7962,5705
,,,504,,29.1,,,,,,,332,7974,5693
,,,505,,29.1,,,,,,,332,7986,5681
,,,506,,29.1,,,,,,,332,7998,5669
,,,507,,29.1,,,,,,,333,8009,5657
,,,508,,29.1,,,,,,,333,8021,5646
,,,509,,29.1,,,,,,,334,8032,5635
,,,510,,29.1,,,,,,,334,8042,5624
,,,511,,29.1,,,,,,,334,8054,5613
,,,512,,29.1,,,,,,,335,8070,5596
,,,513,,29.1,,,,,,,335,8085,5581
,,,514,,29.1,,,,,,,336,8106,5560
,,,515,,29.1,,,,,,,338,8154,5512
,,,516,,29.1,,,,,,,338,8166,5500
,,,517,,29.1,,,,,,,339,8184,5483
,,,518,,29.1,,,,,,,339,8196,5471
,,,519,,29.1,,,,,,,340,8208,5459
,,,520,,29.1,,,,,,,340,8219,5447
,,,521,,29.1,,,,,,,340,8230,5436
,,,522,,29.1,,,,,,,341,8241,5425
,,,523,,29.1,,,,,,,341,8258,5409
,,,524,,29.1,,,,,,,342,8270,5397
,,,525,,29.1,,,,,,,343,8292,5374
,,,526,,29.1,,,,,,,343,8304,5362
22,0,578,527,4722,19.9,running,5838927,447396,926,-630,29.1,344,8318,5239,6
,,,528,,27.5,,,,,,,345,8355,5311
,,,529,,27.5,,,,,,,345,8373,5294
,,,530,,27.5,,,,,,,346,8393,5273
,,,531,,27.5,,,,,,,347,8404,5262
,,,532,,27.5,,,,,,,347,8415,5251
,,,533,,27.5,,,,,,,347,8426,5240
,,,534,,27.5,,,,,,,348,8438,5229
,,,535,,27.5,,,,,,,348,8449,5217
,,,536,,27.5,,,,,,,349,8462,5204
,,,537,,27.5,,,,,,,349,8475,5192
,,,538,,27.5,,,,,,,350,8486,5181
,,,539,,27.5,,,,,,,350,8500,5167
,,,540,,27.5,,,,,,,351,8513,5154
,,,541,,27.5,,,,,,,352,8543,5124
,,,542,,27.5,,,,,,,352,8555,5112
,,,543,,27.5,,,,,,,352,8566,5100
,,,544,,27.5,,,,,,,355,8625,5042
,,,545,,27.5,,,,,,,356,8660,5006
,,,546,,27.5,,,,,,,357,8691,4975
,,,547,,27.5,,,,,,,358,8719,4947
,,,548,,27.5,,,,,,,359,8735,4931
,,,549,,27.5,,,,,,,359,8754,4913
,,,550,,27.5,,,,,,,360,8767,4900
,,,551,,27.5,,,,,,,360,8779,4888
,,,552,,27.5,,,,,,,361,8791,4876
,,,553,,27.5,,,,,,,361,8802,4864
,,,554,,27.5,,,,,,,361,8814,4853
,,,555,,27.5,,,,,,,362,8825,4841
,,,556,,27.5,,,,,,,362,8836,4830
,,,557,,27.5,,,,,,,363,8848,4819
,,,558,,27.5,,,,,,,363,8859,4808
22,0,626,559,4742,34.5,running,5839229,447804,1227,-221,27.5,364,8870,4687,6
,,,560,,35.1,,,,,,,364,8902,4765
,,,561,,35.1,,,,,,,365,8916,4751
,,,562,,35.1,,,,,,,365,8928,4738
,,,563,,35.1,,,,,,,366,8941,4725
,,,564,,35.1,,,,,,,366,8955,4712
,,,565,,35.1,,,,,,,366,8966,4701
,,,566,,35.1,,,,,,,368,9020,4646
,,,567,,35.1,,,,,,,369,9063,4604
,,,568,,35.1,,,,,,,369,9080,4587
,,,569,,35.1,,,,,,,370,9090,4577
,,,570,,35.1,,,,,,,370,9101,4565
,,,571,,35.1,,,,,,,370,9113,4554
,,,572,,35.1,,,,,,,371,9125,4541
,,,573,,35.1,,,,,,,371,9147,4520
,,,574,,35.1,,,,,,,372,9158,4508
,,,575,,35.1,,,,,,,372,9170,4497
,,,576,,35.1,,,,,,,372,9181,4485
,,,577,,35.1,,,,,,,373,9192,4475
,,,578,,35.1,,,,,,,373,9203,4464
,,,579,,35.1,,,,,,,374,9243,4423
,,,580,,35.1,,,,,,,375,9263,4403
,,,581,,35.1,,,,,,,375,9276,4390
,,,582,,35.1,,,,,,,375,9288,4378
,,,583,,35.1,,,,,,,376,9318,4349
,,,584,,35.1,,,,,,,377,9329,4338
,,,585,,35.1,,,,,,,377,9341,4325
,,,586,,35.1,,,,,,,377,9355,4312
,,,587,,35.1,,,,,,,378,9367,4299
,,,588,,35.1,,,,,,,378,9381,4286
,,,589,,35.1,,,,,,,378,9394,4273
,,,590,,35.1,,,,,,,379,9408,4259
,,,591,,35.1,,,,,,,379,9421,4246
,,,592,,35.1,,,,,,,380,9445,4222
,,,593,,35.1,,,,,,,380,9457,4209
,,,594,,35.1,,,,,,,381,9469,4198
,,,595,,35.1,,,,,,,381,9480,4186
,,,596,,35.1,,,,,,,381,9491,4175
,,,597,,35.1,,,,,,,381,9502,4165
,,,598,,35.1,,,,,,,382,9512,4154
,,,599,,35.1,,,,,,,382,9523,4144
,,,600,,35.1,,,,,,,382,9533,4134
,,,601,,35.1,,,,,,,383,9562,4105
22,0,677,602,4762,21.4,running,5839775,447642,1774,-383,35.1,384,9572,3985,12
,,,603,,31.8,,,,,,,384,9601,4065
,,,604,,31.8,,,,,,,385,9613,4053
,,,605,,31.8,,,,,,,386,9637,4030
,,,606,,31.8,,,,,,,386,9651,4016
,,,607,,31.8,,,,,,,386,9665,4002
,,,608,,31.8,,,,,,,387,9678,3988
,,,609,,31.8,,,,,,,387,9693,3973
,,,610,,31.8,,,,,,,388,9706,3961
,,,611,,31.8,,,,,,,388,9718,3948
,,,612,,31.8,,,,,,,388,9730,3936
,,,613,,31.8,,,,,,,389,9742,3925
,,,614,,31.8,,,,,,,389,9754,3913
,,,615,,31.8,,,,,,,390,9767,3900
,,,616,,31.8,,,,,,,390,9779,3887
,,,617,,31.8,,,,,,,390,9793,3874
,,,618,,31.8,,,,,,,391,9806,3861
,,,619,,31.8,,,,,,,391,9820,3847
,,,620,,31.8,,,,,,,392,9846,3821
22,0,700,621,4771,38.5,running,5839839,447921,1838,-104,31.8,393,9859,3698,13
,,,622,,25.9,,,,,,,393,9872,3794
,,,623,,25.9,,,,,,,394,9886,3781
,,,624,,25.9,,,,,,,394,9899,3767
,,,625,,25.9,,,,,,,395,9913,3753
,,,626,,25.9,,,,,,,395,9925,3741
,,,627,,25.9,,,,,,,396,9939,3727
,,,628,,25.9,,,,,,,396,9953,3714
,,,629,,25.9,,,,,,,397,9965,3701
,,,630,,25.9,,,,,,,397,9977,3690
,,,631,,25.9,,,,,,,399,10025,3642
,,,632,,25.9,,,,,,,400,10042,3625
,,,633,,25.9,,,,,,,400,10057,3610
,,,634,,25.9,,,,,,,401,10072,3594
,,,635,,25.9,,,,,,,402,10103,3563
,,,636,,25.9,,,,,,,403,10122,3545
,,,637,,25.9,,,,,,,404,10158,3509
,,,638,,25.9,,,,,,,405,10183,3483
,,,639,,25.9,,,,,,,405,10195,3471
,,,640,,25.9,,,,,,,406,10213,3453
,,,641,,25.9,,,,,,,407,10226,3440
,,,642,,25.9,,,,,,,407,10237,3430
,,,643,,25.9,,,,,,,408,10259,3408
,,,644,,25.9,,,,,,,408,10269,3397
,,,645,,25.9,,,,,,,410,10307,3360
,,,646,,25.9,,,,,,,410,10318,3349
,,,647,,25.9,,,,,,,411,10334,3333
,,,648,,25.9,,,,,,,411,10345,3322
,,,649,,25.9,,,,,,,412,10355,3312
,,,650,,25.9,,,,,,,412,10366,3301
,,,651,,25.9,,,,,,,413,10377,3289
,,,652,,25.9,,,,,,,413,10389,3278
,,,653,,25.9,,,,,,,413,10399,3267
,,,654,,25.9,,,,,,,414,10410,3257
,,,655,,25.9,,,,,,,414,10420,3246
,,,656,,25.9,,,,,,,415,10431,3235
,,,657,,25.9,,,,,,,416,10468,3198
22,0,746,658,4795,27.7,running,5839678,448318,1676,292,25.9,417,10481,3076,3
,,,659,,22.5,,,,,,,417,10494,3173
,,,660,,22.5,,,,,,,418,10506,3161
,,,661,,22.5,,,,,,,418,10517,3150
,,,662,,22.5,,,,,,,419,10533,3134
,,,663,,22.5,,,,,,,419,10543,3123
,,,664,,22.5,,,,,,,420,10564,3102
,,,665,,22.5,,,,,,,421,10589,3077
,,,666,,22.5,,,,,,,422,10602,3064
,,,667,,22.5,,,,,,,423,10636,3031
,,,668,,22.5,,,,,,,424,10646,3021
,,,669,,22.5,,,,,,,425,10667,3000
,,,670,,22.5,,,,,,,426,10693,2973
,,,671,,22.5,,,,,,,428,10729,2938
,,,672,,22.5,,,,,,,428,10739,2927
,,,673,,22.5,,,,,,,430,10775,2892
,,,674,,22.5,,,,,,,430,10786,2881
,,,675,,22.5,,,,,,,431,10797,2870
,,,676,,22.5,,,,,,,431,10808,2859
,,,677,,22.5,,,,,,,432,10819,2847
,,,678,,22.5,,,,,,,432,10832,2835
,,,679,,22.5,,,,,,,433,10847,2820
,,,680,,22.5,,,,,,,433,10861,2806
,,,681,,22.5,,,,,,,434,10873,2794
,,,682,,22.5,,,,,,,434,10884,2782
22,0,780,683,4815,31.3,running,5839329,448437,1328,410,22.5,437,10932,2625,3
,,,684,,22.3,,,,,,,437,10940,2727
,,,685,,22.3,,,,,,,437,10952,2714
,,,686,,22.3,,,,,,,439,10987,2680
,,,687,,22.3,,,,,,,439,10999,2668
,,,688,,22.3,,,,,,,440,11011,2656
,,,689,,22.3,,,,,,,441,11023,2643
,,,690,,22.3,,,,,,,442,11057,2610
,,,691,,22.3,,,,,,,443,11068,2598
,,,692,,22.3,,,,,,,443,11079,2588
,,,693,,22.3,,,,,,,444,11099,2568
,,,694,,22.3,,,,,,,445,11124,2542
,,,695,,22.3,,,,,,,446,11144,2522
,,,696,,22.3,,,,,,,446,11155,2512
,,,697,,22.3,,,,,,,448,11179,2487
,,,698,,22.3,,,,,,,448,11191,2476
,,,699,,22.3,,,,,,,449,11202,2464
,,,700,,22.3,,,,,,,449,11214,2453
,,,701,,22.3,,,,,,,450,11224,2442
,,,702,,22.3,,,,,,,450,11235,2432
,,,703,,22.3,,,,,,,451,11246,2421
,,,704,,22.3,,,,,,,451,11267,2400
,,,705,,22.3,,,,,,,452,11277,2390
,,,706,,22.3,,,,,,,453,11295,2372
,,,707,,22.3,,,,,,,453,11310,2357
,,,708,,22.3,,,,,,,454,11324,2343
,,,709,,22.3,,,,,,,455,11337,2329
22,0,819,710,4835,24.5,running,5839123,448769,1121,742,22.3,457,11379,2178,2
,,,711,,35.1,,,,,,,457,11412,2254
,,,712,,35.1,,,,,,,458,11422,2244
,,,713,,35.1,,,,,,,459,11460,2207
,,,714,,35.1,,,,,,,459,11477,2190
,,,715,,35.1,,,,,,,460,11488,2179
,,,716,,35.1,,,,,,,460,11499,2168
,,,717,,35.1,,,,,,,460,11510,2157
,,,718,,35.1,,,,,,,461,11522,2144
,,,719,,35.1,,,,,,,461,11534,2133
,,,720,,35.1,,,,,,,461,11546,2121
,,,721,,35.1,,,,,,,462,11557,2110
,,,722,,35.1,,,,,,,462,11568,2099
,,,723,,35.1,,,,,,,463,11602,2065
,,,724,,35.1,,,,,,,463,11612,2054
,,,725,,35.1,,,,,,,463,11623,2044
,,,726,,35.1,,,,,,,464,11633,2033
,,,727,,35.1,,,,,,,464,11643,2023
,,,728,,35.1,,,,,,,465,11664,2002
,,,729,,35.1,,,,,,,465,11674,1992
,,,730,,35.1,,,,,,,465,11686,1981
,,,731,,35.1,,,,,,,466,11697,1970
,,,732,,35.1,,,,,,,466,11709,1958
,,,733,,35.1,,,,,,,466,11721,1945
,,,734,,35.1,,,,,,,467,11733,1933
,,,735,,35.1,,,,,,,467,11746,1921
,,,736,,35.1,,,,,,,467,11759,1908
,,,737,,35.1,,,,,,,468,11771,1895
,,,738,,35.1,,,,,,,468,11785,1882
,,,739,,35.1,,,,,,,468,11798,1869
,,,740,,35.1,,,,,,,469,11819,1847
,,,741,,35.1,,,,,,,469,11833,1834
,,,742,,35.1,,,,,,,470,11846,1820
,,,743,,35.1,,,,,,,470,11860,1807
,,,744,,35.1,,,,,,,471,11872,1794
,,,745,,35.1,,,,,,,471,11887,1779
,,,746,,35.1,,,,,,,471,11899,1767
,,,747,,35.1,,,,,,,472,11912,1755
,,,748,,35.1,,,,,,,472,11924,1742
,,,749,,35.1,,,,,,,472,11937,1730
,,,750,,35.1,,,,,,,473,11949,1718
,,,751,,35.1,,,,,,,473,11973,1694
,,,752,,35.1,,,,,,,474,12000,1666
,,,753,,35.1,,,,,,,474,12012,1655
,,,754,,35.1,,,,,,,475,12022,1644
,,,755,,35.1,,,,,,,475,12042,1625
,,,756,,35.1,,,,,,,476,12062,1604
,,,757,,35.1,,,,,,,476,12072,1594
22,0,878,758,4855,24.4,running,5839838,448661,1837,635,35.1,477,12083,1474,4
,,,759,,33.0,,,,,,,477,12094,1573
,,,760,,33.0,,,,,,,477,12104,1562
,,,761,,33.0,,,,,,,478,12124,1543
,,,762,,33.0,,,,,,,478,12142,1525
,,,763,,33.0,,,,,,,479,12159,1508
,,,764,,33.0,,,,,,,479,12172,1495
,,,765,,33.0,,,,,,,479,12179,1487
,,,766,,33.0,,,,,,,480,12191,1476
,,,767,,33.0,,,,,,,480,12210,1456
,,,768,,33.0,,,,,,,481,12247,1420
,,,769,,33.0,,,,,,,482,12272,1395
,,,770,,33.0,,,,,,,483,12283,1383
,,,771,,33.0,,,,,,,483,12301,1365
,,,772,,33.0,,,,,,,483,12314,1353
,,,773,,33.0,,,,,,,484,12327,1340
,,,774,,33.0,,,,,,,484,12339,1328
,,,775,,33.0,,,,,,,485,12356,1310
,,,776,,33.0,,,,,,,485,12368,1298
,,,777,,33.0,,,,,,,485,12377,1290
,,,778,,33.0,,,,,,,486,12395,1272
,,,779,,33.0,,,,,,,486,12408,1259
,,,780,,33.0,,,,,,,487,12422,1245
,,,781,,33.0,,,,,,,487,12437,1230
,,,782,,33.0,,,,,,,488,12470,1196
,,,783,,33.0,,,,,,,489,12485,1181
,,,784,,33.0,,,,,,,489,12500,1167
,,,785,,33.0,,,,,,,490,12514,1152
,,,786,,33.0,,,,,,,490,12528,1138
,,,787,,33.0,,,,,,,490,12542,1124
,,,788,,33.0,,,,,,,491,12557,1110
,,,789,,33.0,,,,,,,491,12572,1095
,,,790,,33.0,,,,,,,492,12586,1081
,,,791,,33.0,,,,,,,492,12600,1067
,,,792,,33.0,,,,,,,493,12613,1053
,,,793,,33.0,,,,,,,493,12627,1040
,,,794,,33.0,,,,,,,493,12639,1027
,,,795,,33.0,,,,,,,494,12650,1017
,,,796,,33.0,,,,,,,494,12666,1000
,,,797,,33.0,,,,,,,494,12677,990
,,,798,,33.0,,,,,,,495,12690,977
,,,799,,33.0,,,,,,,495,12708,959
22,0,921,800,4875,51.7,running,5839427,448903,1425,877,33.0,497,12744,813,5
,,,801,,31.5,,,,,,,497,12758,909
,,,802,,31.5,,,,,,,497,12772,894
,,,803,,31.5,,,,,,,498,12786,880
,,,804,,31.5,,,,,,,498,12806,861
,,,805,,31.5,,,,,,,499,12820,847
,,,806,,31.5,,,,,,,499,12833,833
,,,807,,31.5,,,,,,,500,12846,820
,,,808,,31.5,,,,,,,501,12883,784
,,,809,,31.5,,,,,,,501,12896,770
,,,810,,31.5,,,,,,,502,12910,757
,,,811,,31.5,,,,,,,502,12923,743
,,,812,,31.5,,,,,,,503,12938,729
,,,813,,31.5,,,,,,,503,12952,715
,,,814,,31.5,,,,,,,504,12966,700
,,,815,,31.5,,,,,,,504,12980,686
,,,816,,31.5,,,,,,,504,12995,671
,,,817,,31.5,,,,,,,505,13010,657
,,,818,,31.5,,,,,,,505,13025,642
,,,819,,31.5,,,,,,,506,13040,626
,,,820,,31.5,,,,,,,507,13072,594
,,,821,,31.5,,,,,,,507,13087,580
,,,822,,31.5,,,,,,,508,13101,565
,,,823,,31.5,,,,,,,508,13116,551
,,,824,,31.5,,,,,,,509,13131,536
,,,825,,31.5,,,,,,,509,13145,521
,,,826,,31.5,,,,,,,510,13160,507
,,,827,,31.5,,,,,,,510,13174,493
,,,828,,31.5,,,,,,,511,13188,478
,,,829,,31.5,,,,,,,511,13204,463
,,,830,,31.5,,,,,,,511,13218,449
,,,831,,31.5,,,,,,,512,13231,435
,,,832,,31.5,,,,,,,512,13245,421
,,,833,,31.5,,,,,,,513,13259,408
,,,834,,31.5,,,,,,,513,13271,395
,,,835,,31.5,,,,,,,514,13305,362
,,,836,,31.5,,,,,,,515,13317,349
,,,837,,31.5,,,,,,,515,13327,340
,,,838,,31.5,,,,,,,515,13339,328
,,,839,,31.5,,,,,,,516,13355,311
,,,840,,31.5,,,,,,,516,13366,301
22,0,967,841,4895,21.0,running,5838814,449054,812,1028,31.5,517,13376,181,5
,,,842,,40.0,,,,,,,517,13388,279
,,,843,,40.0,,,,,,,517,13400,267
,,,844,,40.0,,,,,,,517,13413,254
,,,845,,40.0,,,,,,,518,13426,240
,,,846,,40.0,,,,,,,518,13440,226
,,,847,,40.0,,,,,,,518,13455,212
,,,848,,40.0,,,,,,,519,13488,178
,,,849,,40.0,,,,,,,520,13526,141
,,,850,,40.0,,,,,,,521,13540,127
,,,851,,40.0,,,,,,,521,13554,113
,,,852,,40.0,,,,,,,522,13612,54
,,,853,,40.0,,,,,,,523,13628,39
,,,854,,40.0,,,,,,,523,13638,28
,,,855,,40.0,,,,,,,523,13650,17
,,,856,,40.0,,,,,,,524,13669,-2
,,,857,,40.0,,,,,,,524,13682,-14
,,,858,,40.0,,,,,,,526,13749,-81
,,,859,,40.0,,,,,,,526,13763,-95
,,,860,,40.0,,,,,,,527,13777,-109
,,,861,,40.0,,,,,,,527,13791,-123
,,,862,,40.0,,,,,,,527,13806,-138
,,,863,,40.0,,,,,,,528,13819,-152
,,,864,,40.0,,,,,,,528,13834,-166
,,,865,,40.0,,,,,,,528,13847,-179
,,,866,,40.0,,,,,,,529,13859,-192
,,,867,,40.0,,,,,,,529,13871,-203
,,,868,,40.0,,,,,,,529,13883,-215
,,,869,,40.0,,,,,,,529,13895,-227
,,,870,,40.0,,,,,,,530,13907,-239
,,,871,,40.0,,,,,,,530,13920,-252
,,,872,,40.0,,,,,,,530,13933,-265
,,,873,,40.0,,,,,,,531,13967,-299
,,,874,,40.0,,,,,,,532,13980,-313
,,,875,,40.0,,,,,,,532,13994,-326
,,,876,,40.0,,,,,,,532,14008,-341
,,,877,,40.0,,,,,,,533,14022,-355
,,,878,,40.0,,,,,,,533,14039,-371
,,,879,,40.0,,,,,,,533,14053,-386
,,,880,,40.0,,,,,,,534,14068,-400
,,,881,,40.0,,,,,,,534,14082,-414
,,,882,,40.0,,,,,,,534,14095,-428
,,,883,,40.0,,,,,,,535,14107,-440
,,,884,,40.0,,,,,,,535,14120,-452
,,,885,,40.0,,,,,,,535,14131,-464
,,,886,,40.0,,,,,,,536,14143,-476
,,,887,,40.0,,,,,,,536,14155,-488
22,0,1028,888,4915,24.2,ended,5838197,449526,195,1500,40.0,537,14177,-619,4
