car id, gps track, state, track idx, time, calculated speed, real speed, dst to end, distance, point x, point y, normalized x, normalized y, dst to projection
9,*,start,1,0.0,-1.0,0.0,14548,0,5837931.5,447929.84,7,0,14
9,-,running,2,0.7,9.4,?,14540,7,5837934.5,447936.7,10,7,?
9,-,running,3,1.9,9.4,?,14529,18,5837924.5,447933.0,0,3,?
9,-,running,4,3.4,9.4,?,14515,32,5837910.0,447933.25,-14,3,?
9,-,running,5,4.9,9.4,?,14501,46,5837896.5,447936.28,-27,6,?
9,-,running,6,5.9,9.4,?,14491,56,5837890.5,447944.22,-33,14,?
9,-,running,7,7.2,9.4,?,14480,67,5837895.5,447954.4,-28,25,?
9,-,running,8,8.3,9.4,?,14469,78,5837902.0,447963.25,-22,33,?
9,*,running,9,10.0,9.4,18.61,14454,94,5837912.0,447974.84,-12,45,14
9,-,running,10,10.6,23.5,?,14438,109,5837922.0,447986.72,-2,57,?
9,-,running,11,11.2,23.5,?,14424,124,5837933.0,447996.1,9,66,?
9,-,running,12,11.9,23.5,?,14407,140,5837947.0,448004.97,23,75,?
9,-,running,13,12.5,23.5,?,14393,154,5837959.5,448011.3,35,81,?
9,-,running,14,13.1,23.5,?,14380,167,5837971.5,448016.03,47,86,?
9,-,running,15,13.8,23.5,?,14364,184,5837987.0,448021.75,63,92,?
9,-,running,16,14.4,23.5,?,14348,199,5838001.5,448026.25,77,96,?
9,-,running,17,14.9,23.5,?,14336,211,5838013.0,448029.94,89,100,?
9,-,running,18,15.5,23.5,?,14323,225,5838026.0,448034.53,102,105,?
9,-,running,19,16.2,23.5,?,14307,240,5838040.5,448039.62,116,110,?
9,-,running,20,16.8,23.5,?,14292,256,5838055.0,448045.25,131,115,?
9,-,running,21,17.4,23.5,?,14280,268,5838066.0,448050.25,142,120,?
9,-,running,22,17.9,23.5,?,14267,280,5838077.5,448055.97,153,126,?
9,-,running,23,18.5,23.5,?,14253,294,5838091.0,448059.56,167,130,?
9,-,running,24,19.1,23.5,?,14239,309,5838104.5,448063.72,180,134,?
9,-,running,25,19.7,23.5,?,14225,322,5838118.0,448067.28,194,137,?
9,-,running,26,20.4,23.5,?,14209,339,5838133.5,448071.44,209,142,?
9,-,running,27,20.9,23.5,?,14197,350,5838144.5,448074.06,220,144,?
9,-,running,28,21.7,23.5,?,14178,369,5838163.5,448071.56,239,142,?
9,-,running,29,22.2,23.5,?,14166,381,5838169.0,448061.22,245,131,?
9,-,running,30,22.7,23.5,?,14154,394,5838169.0,448048.38,245,119,?
9,-,running,31,23.4,23.5,?,14138,409,5838167.0,448033.22,243,103,?
9,-,running,32,24.1,23.5,?,14122,425,5838164.5,448017.16,240,87,?
9,-,running,33,24.7,23.5,?,14106,441,5838162.0,448001.6,238,72,?
9,-,running,34,25.4,23.5,?,14091,456,5838160.5,447986.44,236,57,?
9,-,running,35,26.1,23.5,?,14075,472,5838160.0,447970.4,236,41,?
9,-,running,36,26.8,23.5,?,14057,490,5838161.5,447952.78,237,23,?
9,-,running,37,27.6,23.5,?,14038,509,5838163.0,447933.8,239,4,?
9,-,running,38,28.4,23.5,?,14019,528,5838164.5,447914.56,240,-14,?
9,-,running,39,29.2,23.5,?,14001,546,5838166.5,447896.94,242,-32,?
9,*,running,40,30.0,23.5,32.37,13984,564,5838169.5,447879.53,245,-49,4
9,-,running,41,30.7,28.09,?,13964,583,5838175.0,447860.53,251,-68,?
9,-,running,42,31.0,28.09,?,13953,594,5838178.5,447850.8,254,-78,?
9,-,running,43,31.7,28.09,?,13933,614,5838184.5,447831.62,260,-97,?
9,-,running,44,32.4,28.09,?,13914,633,5838189.0,447813.03,265,-116,?
9,-,running,45,33.1,28.09,?,13895,652,5838194.0,447794.97,270,-134,?
9,-,running,46,33.7,28.09,?,13877,670,5838198.5,447776.88,274,-152,?
9,-,running,47,34.4,28.09,?,13858,689,5838203.5,447759.16,279,-170,?
9,-,running,48,35.0,28.09,?,13841,706,5838207.0,447742.03,283,-187,?
9,-,running,49,35.6,28.09,?,13824,723,5838206.0,447725.34,282,-204,?
9,-,running,50,36.2,28.09,?,13807,740,5838200.0,447708.84,276,-220,?
9,-,running,51,36.9,28.09,?,13787,760,5838190.5,447691.84,266,-237,?
9,-,running,52,37.6,28.09,?,13768,779,5838182.0,447674.3,258,-255,?
9,-,running,53,38.3,28.09,?,13748,799,5838176.0,447655.2,252,-274,?
9,-,running,54,38.7,28.09,?,13737,810,5838173.5,447644.88,249,-284,?
9,-,running,55,39.1,28.09,?,13726,821,5838171.0,447634.03,247,-295,?
9,-,running,56,39.5,28.09,?,13714,833,5838169.0,447622.78,245,-306,?
9,*,running,57,40.0,28.09,30.75,13703,844,5838167.0,447611.1,243,-318,4
9,-,running,58,40.6,20.13,?,13690,857,5838164.5,447598.97,240,-330,?
9,-,running,59,41.2,20.13,?,13678,869,5838162.5,447586.62,238,-342,?
9,-,running,60,41.8,20.13,?,13666,881,5838160.5,447574.72,236,-354,?
9,-,running,61,42.3,20.13,?,13654,893,5838158.5,447563.6,234,-365,?
9,-,running,62,42.8,20.13,?,13644,903,5838156.5,447553.78,232,-375,?
9,-,running,63,43.6,20.13,?,13630,917,5838152.5,447539.7,228,-389,?
9,-,running,64,44.1,20.13,?,13620,927,5838143.0,447537.88,219,-391,?
9,-,running,65,44.7,20.13,?,13608,940,5838143.0,447550.3,219,-379,?
9,-,running,66,45.3,20.13,?,13594,953,5838146.0,447563.06,222,-366,?
9,-,running,67,46.2,20.13,?,13576,971,5838146.5,447581.25,222,-348,?
9,-,running,68,46.7,20.13,?,13566,981,5838145.5,447591.38,221,-337,?
9,-,running,69,47.3,20.13,?,13555,992,5838143.0,447601.9,219,-327,?
9,-,running,70,47.8,20.13,?,13544,1003,5838139.5,447612.53,215,-316,?
9,-,running,71,48.4,20.13,?,13533,1014,5838135.5,447622.97,211,-306,?
9,-,running,72,49.0,20.13,?,13521,1026,5838130.5,447633.4,206,-295,?
9,-,running,73,49.5,20.13,?,13510,1037,5838126.5,447643.84,202,-285,?
9,-,running,74,50.1,20.13,?,13499,1048,5838122.0,447654.4,198,-274,?
9,-,running,75,50.6,20.13,?,13488,1059,5838119.0,447664.97,195,-264,?
9,-,running,76,51.2,20.13,?,13477,1070,5838116.5,447675.56,192,-253,?
9,-,running,77,51.7,20.13,?,13466,1081,5838115.5,447686.03,191,-243,?
9,-,running,78,52.7,20.13,?,13447,1100,5838111.0,447705.03,187,-224,?
9,-,running,79,53.5,20.13,?,13430,1117,5838100.5,447717.62,176,-211,?
9,-,running,80,54.2,20.13,?,13415,1132,5838088.0,447726.16,164,-203,?
9,-,running,81,55.1,20.13,?,13398,1149,5838075.0,447737.1,151,-192,?
9,-,running,82,56.0,20.13,?,13379,1168,5838063.0,447751.78,139,-177,?
9,-,running,83,56.5,20.13,?,13369,1178,5838057.5,447760.66,133,-168,?
9,-,running,84,57.0,20.13,?,13358,1189,5838053.0,447770.12,129,-159,?
9,-,running,85,57.6,20.13,?,13347,1200,5838048.5,447780.22,124,-149,?
9,-,running,86,58.1,20.13,?,13337,1210,5838045.0,447790.2,121,-139,?
9,-,running,87,59.1,20.13,?,13317,1230,5838036.0,447807.47,112,-121,?
9,*,running,88,60.0,20.13,19.16,13300,1247,5838025.0,447821.0,101,-108,5
9,-,running,89,60.8,17.43,?,13284,1263,5838009.5,447820.1,85,-109,?
9,-,running,90,61.6,17.43,?,13270,1277,5838004.0,447832.88,80,-96,?
9,-,running,91,62.2,17.43,?,13261,1286,5838008.0,447824.0,84,-105,?
9,-,running,92,62.8,17.43,?,13250,1297,5838012.0,447813.75,88,-115,?
9,-,running,93,63.8,17.43,?,13232,1315,5838017.0,447796.9,93,-132,?
9,-,running,94,64.8,17.43,?,13215,1332,5838016.5,447779.75,92,-149,?
9,-,running,95,65.4,17.43,?,13205,1342,5838015.0,447769.72,91,-159,?
9,-,running,96,66.0,17.43,?,13194,1353,5838012.5,447759.1,88,-170,?
9,-,running,97,66.7,17.43,?,13183,1364,5838010.0,447748.25,86,-181,?
9,-,running,98,67.3,17.43,?,13172,1375,5838008.0,447737.47,84,-191,?
9,-,running,99,67.9,17.43,?,13161,1386,5838007.5,447726.66,83,-202,?
9,-,running,100,68.6,17.43,?,13150,1397,5838007.5,447715.56,83,-213,?
9,-,running,101,69.2,17.43,?,13139,1408,5838008.0,447704.75,84,-224,?
9,-,running,102,69.8,17.43,?,13128,1419,5838009.0,447694.22,85,-235,?
9,-,running,103,70.4,17.43,?,13118,1429,5838011.0,447684.16,87,-245,?
9,-,running,104,70.9,17.43,?,13108,1439,5838013.0,447674.38,89,-254,?
9,-,running,105,72.0,17.43,?,13090,1458,5838017.0,447656.2,93,-273,?
9,-,running,106,73.0,17.43,?,13072,1476,5838018.5,447638.22,94,-291,?
9,-,running,107,74.0,17.43,?,13055,1492,5838020.5,447621.4,96,-307,?
9,-,running,108,75.0,17.43,?,13037,1510,5838026.0,447604.56,102,-324,?
9,-,running,109,75.9,17.43,?,13022,1526,5838036.0,447592.9,112,-336,?
9,-,running,110,76.6,17.43,?,13009,1538,5838044.5,447583.6,120,-345,?
9,-,running,111,77.2,17.43,?,12999,1548,5838046.5,447573.88,122,-355,?
9,-,running,112,77.9,17.43,?,12987,1560,5838040.5,447563.7,116,-365,?
9,-,running,113,78.9,17.43,?,12970,1577,5838026.0,447554.47,102,-374,?
9,*,running,114,80.0,17.43,21.42,12951,1596,5838010.5,447543.7,86,-385,5
9,-,running,115,80.7,25.11,?,12931,1616,5837997.0,447529.4,73,-399,?
9,-,running,116,81.1,25.11,?,12921,1626,5837991.0,447521.3,67,-408,?
9,-,running,117,81.6,25.11,?,12910,1637,5837985.5,447511.44,61,-417,?
9,-,running,118,82.1,25.11,?,12898,1649,5837980.0,447500.84,56,-428,?
9,-,running,119,82.6,25.11,?,12886,1661,5837974.0,447489.9,50,-439,?
9,-,running,120,83.0,25.11,?,12873,1674,5837968.5,447478.97,44,-450,?
9,-,running,121,83.5,25.11,?,12861,1686,5837963.5,447468.03,39,-461,?
9,-,running,122,84.0,25.11,?,12850,1697,5837958.5,447457.4,34,-471,?
9,-,running,123,84.5,25.11,?,12838,1709,5837953.5,447446.75,29,-482,?
9,-,running,124,84.9,25.11,?,12827,1721,5837949.0,447436.38,25,-492,?
9,-,running,125,85.7,25.11,?,12806,1741,5837941.0,447417.75,17,-511,?
9,-,running,126,86.3,25.11,?,12790,1757,5837937.0,447402.38,13,-526,?
9,-,running,127,86.8,25.11,?,12778,1769,5837936.5,447390.06,12,-539,?
9,-,running,128,87.4,25.11,?,12765,1782,5837938.0,447376.97,14,-552,?
9,-,running,129,87.9,25.11,?,12751,1796,5837939.5,447362.78,15,-566,?
9,-,running,130,88.7,25.11,?,12732,1815,5837939.5,447344.3,15,-585,?
9,-,running,131,89.4,25.11,?,12715,1832,5837939.0,447326.75,15,-602,?
9,*,running,132,90.0,25.11,15.62,12700,1847,5837940.5,447312.16,16,-617,0
9,-,running,133,90.6,20.77,?,12686,1861,5837949.0,447301.44,25,-627,?
9,-,running,134,91.4,20.77,?,12670,1877,5837964.0,447294.84,40,-634,?
9,-,running,135,92.2,20.77,?,12653,1894,5837980.5,447291.9,56,-637,?
9,-,running,136,93.1,20.77,?,12635,1912,5837998.5,447288.66,74,-640,?
9,-,running,137,93.9,20.77,?,12617,1930,5838015.5,447283.5,91,-645,?
9,-,running,138,94.8,20.77,?,12599,1948,5838032.5,447277.8,108,-651,?
9,-,running,139,95.6,20.77,?,12582,1965,5838049.0,447273.53,125,-655,?
9,-,running,140,96.2,20.77,?,12569,1978,5838061.5,447269.88,137,-659,?
9,-,running,141,96.7,20.77,?,12559,1988,5838067.5,447261.56,143,-667,?
9,-,running,142,97.3,20.77,?,12546,2001,5838061.5,447250.66,137,-678,?
9,-,running,143,98.1,20.77,?,12531,2016,5838048.5,447241.8,124,-687,?
9,-,running,144,99.1,20.77,?,12509,2038,5838030.5,447230.47,106,-698,?
9,-,running,145,99.6,20.77,?,12499,2048,5838021.5,447224.62,97,-704,?
9,-,running,146,100.2,20.77,?,12487,2060,5838011.5,447218.62,87,-710,?
9,-,running,147,100.8,20.77,?,12474,2073,5838000.5,447212.22,76,-717,?
9,-,running,148,101.4,20.77,?,12461,2086,5837989.0,447205.75,65,-723,?
9,-,running,149,102.1,20.77,?,12448,2099,5837977.5,447199.88,53,-729,?
9,-,running,150,102.7,20.77,?,12435,2112,5837965.5,447195.22,41,-734,?
9,-,running,151,103.3,20.77,?,12423,2125,5837953.5,447191.03,29,-738,?
9,-,running,152,103.9,20.77,?,12411,2137,5837942.0,447187.66,18,-741,?
9,-,running,153,104.4,20.77,?,12399,2148,5837930.5,447184.97,6,-744,?
9,-,running,154,105.0,20.77,?,12388,2160,5837919.5,447182.97,-4,-746,?
9,-,running,155,105.5,20.77,?,12377,2170,5837909.0,447181.75,-15,-747,?
9,-,running,156,106.0,20.77,?,12367,2181,5837898.5,447181.16,-25,-748,?
9,-,running,157,106.5,20.77,?,12356,2191,5837888.0,447181.53,-36,-747,?
9,-,running,158,107.0,20.77,?,12345,2202,5837877.5,447183.66,-46,-745,?
9,-,running,159,107.9,20.77,?,12327,2221,5837859.5,447188.78,-64,-740,?
9,-,running,160,108.6,20.77,?,12313,2234,5837846.0,447187.78,-78,-741,?
9,-,running,161,109.2,20.77,?,12300,2247,5837834.0,447183.03,-90,-746,?
9,*,running,162,110.0,20.77,19.16,12284,2263,5837821.5,447173.5,-102,-755,3
9,-,running,163,110.6,28.83,?,12266,2281,5837808.5,447160.47,-115,-768,?
9,-,running,164,111.3,28.83,?,12245,2302,5837795.5,447144.56,-128,-784,?
9,-,running,165,111.7,28.83,?,12235,2312,5837789.0,447136.25,-135,-793,?
9,-,running,166,112.0,28.83,?,12224,2323,5837782.5,447127.94,-141,-801,?
9,-,running,167,112.4,28.83,?,12213,2334,5837774.5,447119.53,-149,-809,?
9,-,running,168,112.8,28.83,?,12201,2346,5837767.0,447111.06,-157,-818,?
9,-,running,169,113.2,28.83,?,12190,2357,5837759.0,447102.72,-165,-826,?
9,-,running,170,113.7,28.83,?,12178,2370,5837749.5,447094.84,-174,-834,?
9,-,running,171,114.1,28.83,?,12165,2382,5837740.0,447087.2,-184,-842,?
9,-,running,172,114.5,28.83,?,12153,2394,5837730.0,447079.38,-194,-849,?
9,*,running,173,115.0,28.83,36.32,12140,2407,5837720.5,447071.4,-203,-857,7
9,-,running,174,115.5,25.23,?,12128,2420,5837710.5,447063.53,-213,-865,?
9,-,running,175,115.9,25.23,?,12115,2432,5837701.0,447055.78,-223,-873,?
9,-,running,176,116.5,25.23,?,12102,2445,5837690.5,447048.2,-233,-881,?
9,-,running,177,117.0,25.23,?,12090,2457,5837680.5,447040.56,-243,-888,?
9,-,running,178,117.4,25.23,?,12078,2469,5837671.5,447033.03,-252,-896,?
9,-,running,179,117.9,25.23,?,12066,2481,5837662.5,447025.22,-261,-904,?
9,-,running,180,118.3,25.23,?,12055,2492,5837654.0,447018.03,-270,-911,?
9,-,running,181,118.8,25.23,?,12044,2503,5837645.5,447011.38,-278,-917,?
9,-,running,182,119.2,25.23,?,12034,2513,5837637.5,447005.16,-286,-924,?
9,-,running,183,119.8,25.23,?,12017,2530,5837624.5,446994.6,-299,-934,?
9,-,running,184,120.4,25.23,?,12004,2543,5837617.5,446983.22,-306,-946,?
9,-,running,185,120.9,25.23,?,11990,2557,5837616.5,446969.4,-307,-959,?
9,-,running,186,121.6,25.23,?,11973,2574,5837622.0,446953.47,-302,-975,?
9,-,running,187,122.3,25.23,?,11954,2593,5837630.5,446936.25,-293,-993,?
9,-,running,188,123.1,25.23,?,11935,2612,5837638.0,446918.88,-286,-1010,?
9,-,running,189,123.7,25.23,?,11919,2628,5837646.0,446904.84,-278,-1024,?
9,-,running,190,124.2,25.23,?,11907,2640,5837650.0,446893.6,-274,-1035,?
9,-,running,191,124.7,25.23,?,11894,2653,5837648.5,446881.0,-275,-1048,?
9,-,running,192,125.3,25.23,?,11879,2668,5837642.5,446867.03,-281,-1062,?
9,-,running,193,126.0,25.23,?,11862,2685,5837636.0,446851.4,-288,-1077,?
9,-,running,194,126.7,25.23,?,11845,2703,5837632.5,446834.2,-291,-1095,?
9,-,running,195,127.4,25.23,?,11827,2721,5837634.0,446816.22,-290,-1113,?
9,-,running,196,128.1,25.23,?,11809,2738,5837640.0,446800.06,-284,-1129,?
9,-,running,197,128.9,25.23,?,11789,2758,5837651.0,446783.16,-273,-1146,?
9,-,running,198,129.3,25.23,?,11779,2769,5837658.0,446775.12,-266,-1154,?
9,-,running,199,130.0,25.23,?,11759,2788,5837671.0,446760.9,-253,-1168,?
9,-,running,200,130.8,25.23,?,11741,2806,5837684.5,446748.97,-239,-1180,?
9,-,running,201,131.5,25.23,?,11722,2825,5837701.0,446738.88,-223,-1190,?
9,-,running,202,132.3,25.23,?,11702,2845,5837719.5,446732.6,-204,-1196,?
9,-,running,203,132.7,25.23,?,11692,2855,5837730.0,446731.0,-194,-1198,?
9,-,running,204,133.1,25.23,?,11681,2866,5837740.5,446730.38,-183,-1198,?
9,-,running,205,133.6,25.23,?,11670,2877,5837751.5,446730.03,-172,-1199,?
9,-,running,206,134.0,25.23,?,11659,2888,5837762.5,446729.34,-161,-1200,?
9,-,running,207,134.5,25.23,?,11648,2899,5837773.5,446728.25,-150,-1201,?
9,-,running,208,134.9,25.23,?,11638,2910,5837784.0,446726.88,-140,-1202,?
9,-,running,209,135.3,25.23,?,11627,2920,5837794.5,446725.03,-129,-1204,?
9,-,running,210,135.8,25.23,?,11615,2932,5837806.0,446722.9,-118,-1206,?
9,-,running,211,136.2,25.23,?,11604,2943,5837816.5,446720.8,-107,-1208,?
9,-,running,212,136.6,25.23,?,11594,2953,5837826.5,446718.4,-97,-1210,?
9,-,running,213,137.0,25.23,?,11583,2964,5837837.0,446716.1,-87,-1213,?
9,-,running,214,137.4,25.23,?,11574,2973,5837846.5,446714.16,-77,-1215,?
9,-,running,215,138.2,25.23,?,11554,2993,5837866.0,446711.88,-58,-1217,?
9,*,running,216,139.0,25.23,36.88,11535,3013,5837885.5,446710.7,-38,-1218,0
9,-,running,217,139.5,34.41,?,11516,3031,5837904.0,446708.25,-20,-1221,?
9,-,running,218,140.0,34.41,?,11499,3048,5837920.0,446704.5,-4,-1224,?
9,-,running,219,140.3,34.41,?,11490,3057,5837929.0,446700.88,5,-1228,?
9,-,running,220,140.4,34.41,?,11484,3063,5837934.0,446698.97,10,-1230,?
9,-,running,221,140.7,34.41,?,11474,3073,5837944.5,446696.44,20,-1232,?
9,-,running,222,141.1,34.41,?,11461,3087,5837957.5,446694.9,33,-1234,?
9,-,running,223,141.6,34.41,?,11445,3103,5837973.5,446694.34,49,-1235,?
9,-,running,224,142.1,34.41,?,11426,3121,5837992.0,446696.28,68,-1233,?
9,-,running,225,142.7,34.41,?,11406,3141,5838012.0,446697.94,88,-1231,?
9,-,running,226,143.0,34.41,?,11396,3151,5838022.0,446698.25,98,-1231,?
9,-,running,227,143.3,34.41,?,11385,3162,5838032.5,446698.5,108,-1230,?
9,-,running,228,143.6,34.41,?,11374,3173,5838044.0,446698.97,120,-1230,?
9,-,running,229,143.9,34.41,?,11363,3184,5838054.5,446699.7,130,-1229,?
9,-,running,230,144.2,34.41,?,11353,3194,5838064.5,446701.0,140,-1228,?
9,-,running,231,144.8,34.41,?,11334,3213,5838083.0,446705.2,159,-1224,?
9,-,running,232,145.3,34.41,?,11315,3232,5838101.5,446711.0,177,-1218,?
9,-,running,233,145.7,34.41,?,11304,3243,5838112.0,446714.78,188,-1214,?
9,-,running,234,146.0,34.41,?,11293,3255,5838122.5,446718.6,198,-1210,?
9,-,running,235,146.3,34.41,?,11281,3266,5838133.5,446722.3,209,-1207,?
9,-,running,236,146.7,34.41,?,11269,3278,5838144.5,446725.94,220,-1203,?
9,-,running,237,147.0,34.41,?,11257,3290,5838156.0,446729.38,232,-1199,?
9,-,running,238,147.3,34.41,?,11246,3302,5838167.5,446732.0,243,-1197,?
9,-,running,239,147.7,34.41,?,11234,3313,5838179.0,446734.5,255,-1194,?
9,-,running,240,148.0,34.41,?,11223,3324,5838189.5,446737.06,265,-1192,?
9,-,running,241,148.3,34.41,?,11212,3335,5838200.5,446739.25,276,-1190,?
9,-,running,242,148.6,34.41,?,11202,3345,5838210.0,446741.4,286,-1187,?
9,*,running,243,149.0,34.41,17.63,11190,3357,5838221.5,446742.8,297,-1186,4
9,-,running,244,149.4,28.92,?,11178,3369,5838233.5,446742.88,309,-1186,?
9,-,running,245,149.7,28.92,?,11170,3377,5838242.0,446742.75,318,-1186,?
9,-,running,246,149.8,28.92,?,11164,3383,5838237.0,446740.4,313,-1188,?
9,-,running,247,150.3,28.92,?,11153,3394,5838246.5,446733.7,322,-1195,?
9,-,running,248,150.6,28.92,?,11142,3405,5838252.0,446724.75,328,-1204,?
9,-,running,249,151.0,28.92,?,11131,3416,5838252.0,446713.94,328,-1215,?
9,-,running,250,151.4,28.92,?,11119,3428,5838246.0,446702.72,322,-1226,?
9,-,running,251,152.0,28.92,?,11101,3446,5838234.0,446689.75,310,-1239,?
9,-,running,252,152.8,28.92,?,11080,3467,5838219.0,446675.47,295,-1253,?
9,-,running,253,153.5,28.92,?,11060,3487,5838204.5,446661.38,280,-1267,?
9,-,running,254,153.9,28.92,?,11048,3499,5838197.0,446652.38,273,-1276,?
9,-,running,255,154.3,28.92,?,11036,3511,5838190.0,446642.56,266,-1286,?
9,-,running,256,154.7,28.92,?,11024,3523,5838182.5,446632.7,258,-1296,?
9,-,running,257,155.1,28.92,?,11012,3536,5838174.5,446623.25,250,-1306,?
9,-,running,258,155.5,28.92,?,11000,3547,5838166.5,446614.38,242,-1314,?
9,-,running,259,156.0,28.92,?,10988,3560,5838158.0,446605.72,234,-1323,?
9,-,running,260,156.4,28.92,?,10975,3572,5838149.5,446597.1,225,-1332,?
9,-,running,261,156.8,28.92,?,10964,3583,5838141.5,446588.7,217,-1340,?
9,-,running,262,157.2,28.92,?,10952,3595,5838133.5,446580.62,209,-1348,?
9,-,running,263,157.5,28.92,?,10942,3605,5838126.0,446572.97,202,-1356,?
9,-,running,264,157.9,28.92,?,10931,3616,5838118.0,446565.6,194,-1363,?
9,-,running,265,158.3,28.92,?,10919,3628,5838109.0,446558.47,185,-1370,?
9,-,running,266,158.7,28.92,?,10908,3640,5838099.5,446551.47,175,-1377,?
9,-,running,267,159.1,28.92,?,10896,3651,5838090.5,446544.4,166,-1384,?
9,-,running,268,159.5,28.92,?,10884,3663,5838081.0,446537.6,157,-1391,?
9,-,running,269,159.9,28.92,?,10873,3674,5838072.0,446531.16,148,-1398,?
9,-,running,270,160.3,28.92,?,10862,3685,5838062.0,446525.5,138,-1403,?
9,-,running,271,160.7,28.92,?,10851,3696,5838052.0,446520.38,128,-1408,?
9,-,running,272,161.1,28.92,?,10840,3707,5838042.5,446516.16,118,-1413,?
9,-,running,273,161.7,28.92,?,10820,3727,5838023.5,446509.88,99,-1419,?
9,-,running,274,162.1,28.92,?,10810,3737,5838013.5,446507.47,89,-1421,?
9,-,running,275,162.5,28.92,?,10799,3748,5838003.0,446505.38,79,-1423,?
9,-,running,276,162.9,28.92,?,10788,3759,5837991.5,446503.7,67,-1425,?
9,-,running,277,163.3,28.92,?,10776,3772,5837979.5,446502.75,55,-1426,?
9,-,running,278,163.7,28.92,?,10765,3783,5837968.5,446502.44,44,-1426,?
9,-,running,279,164.1,28.92,?,10753,3795,5837956.5,446502.03,32,-1427,?
9,-,running,280,164.5,28.92,?,10741,3806,5837945.0,446501.62,21,-1427,?
9,-,running,281,164.9,28.92,?,10729,3818,5837933.0,446501.5,9,-1427,?
9,-,running,282,165.3,28.92,?,10717,3831,5837920.5,446501.44,-3,-1427,?
9,-,running,283,165.7,28.92,?,10705,3843,5837908.5,446500.75,-15,-1428,?
9,-,running,284,166.1,28.92,?,10693,3854,5837897.0,446499.62,-27,-1429,?
9,-,running,285,166.5,28.92,?,10681,3866,5837885.5,446498.88,-38,-1430,?
9,-,running,286,166.9,28.92,?,10670,3877,5837874.5,446498.62,-49,-1430,?
9,-,running,287,167.3,28.92,?,10659,3888,5837863.5,446498.3,-60,-1431,?
9,-,running,288,167.7,28.92,?,10649,3898,5837853.0,446497.6,-71,-1431,?
9,-,running,289,168.3,28.92,?,10630,3918,5837834.0,446493.66,-90,-1435,?
9,*,running,290,169.0,28.92,25.2,10612,3935,5837818.0,446486.12,-106,-1443,1
9,-,running,291,169.6,27.55,?,10595,3952,5837803.0,446477.84,-121,-1451,?
9,-,running,292,170.2,27.55,?,10578,3969,5837787.0,446474.34,-137,-1455,?
9,-,running,293,170.8,27.55,?,10561,3986,5837770.0,446471.88,-154,-1457,?
9,-,running,294,171.5,27.55,?,10542,4005,5837752.5,446465.2,-171,-1464,?
9,-,running,295,172.2,27.55,?,10522,4025,5837735.5,446454.2,-188,-1475,?
9,-,running,296,172.6,27.55,?,10511,4036,5837726.5,446447.72,-197,-1481,?
9,-,running,297,173.0,27.55,?,10500,4047,5837718.0,446441.34,-206,-1488,?
9,-,running,298,173.4,27.55,?,10490,4057,5837709.5,446434.75,-214,-1494,?
9,-,running,299,173.8,27.55,?,10479,4068,5837701.0,446428.03,-223,-1501,?
9,-,running,300,174.1,27.55,?,10469,4078,5837693.5,446421.06,-230,-1508,?
9,-,running,301,174.5,27.55,?,10458,4089,5837685.5,446413.66,-238,-1515,?
9,-,running,302,174.9,27.55,?,10447,4100,5837677.5,446406.16,-246,-1523,?
9,-,running,303,175.3,27.55,?,10436,4111,5837670.0,446398.62,-254,-1530,?
9,-,running,304,175.7,27.55,?,10426,4121,5837663.0,446391.6,-261,-1537,?
9,-,running,305,176.4,27.55,?,10407,4140,5837648.0,446379.12,-276,-1550,?
9,-,running,306,176.8,27.55,?,10397,4150,5837640.0,446373.4,-284,-1555,?
9,-,running,307,177.1,27.55,?,10386,4161,5837630.5,446368.2,-293,-1561,?
9,-,running,308,177.5,27.55,?,10375,4172,5837621.0,446363.22,-303,-1566,?
9,-,running,309,177.9,27.55,?,10365,4182,5837611.5,446358.66,-312,-1570,?
9,-,running,310,178.3,27.55,?,10355,4192,5837602.5,446354.47,-321,-1574,?
9,*,running,311,179.0,27.55,23.68,10336,4211,5837585.5,446346.94,-338,-1582,2
9,-,running,312,179.6,26.9,?,10320,4227,5837570.0,446342.22,-354,-1587,?
9,-,running,313,180.1,26.9,?,10305,4242,5837555.0,446342.88,-369,-1586,?
9,-,running,314,180.7,26.9,?,10289,4259,5837540.0,446349.8,-384,-1579,?
9,-,running,315,181.4,26.9,?,10269,4278,5837524.0,446360.12,-400,-1569,?
9,-,running,316,182.2,26.9,?,10249,4298,5837507.0,446370.8,-417,-1558,?
9,-,running,317,182.6,26.9,?,10238,4309,5837497.5,446376.72,-426,-1552,?
9,-,running,318,183.0,26.9,?,10227,4321,5837487.5,446382.84,-436,-1546,?
9,-,running,319,183.5,26.9,?,10214,4333,5837477.0,446389.0,-447,-1540,?
9,-,running,320,183.9,26.9,?,10202,4345,5837466.5,446394.78,-457,-1534,?
9,-,running,321,184.4,26.9,?,10191,4356,5837456.5,446400.28,-467,-1529,?
9,-,running,322,184.8,26.9,?,10179,4368,5837445.5,446405.56,-478,-1523,?
9,-,running,323,185.2,26.9,?,10168,4379,5837435.5,446410.2,-488,-1519,?
9,-,running,324,185.6,26.9,?,10158,4389,5837426.5,446414.4,-497,-1514,?
9,-,running,325,186.0,26.9,?,10147,4400,5837416.5,446418.1,-507,-1511,?
9,-,running,326,186.7,26.9,?,10128,4419,5837398.5,446423.9,-525,-1505,?
9,-,running,327,187.4,26.9,?,10109,4438,5837379.5,446427.0,-544,-1502,?
9,-,running,328,188.1,26.9,?,10090,4457,5837360.5,446428.62,-563,-1500,?
9,-,running,329,188.8,26.9,?,10071,4476,5837341.5,446426.78,-582,-1502,?
9,-,running,330,189.5,26.9,?,10053,4494,5837324.0,446422.28,-600,-1507,?
9,-,running,331,190.1,26.9,?,10035,4512,5837308.5,446413.72,-615,-1515,?
9,-,running,332,190.9,26.9,?,10014,4534,5837291.0,446401.22,-633,-1528,?
9,-,running,333,191.4,26.9,?,10002,4545,5837281.5,446394.62,-642,-1534,?
9,-,running,334,191.8,26.9,?,9990,4557,5837272.0,446387.7,-652,-1541,?
9,-,running,335,192.2,26.9,?,9979,4568,5837263.0,446380.56,-661,-1548,?
9,-,running,336,192.6,26.9,?,9968,4579,5837254.5,446374.03,-669,-1555,?
9,-,running,337,193.1,26.9,?,9956,4591,5837245.5,446366.1,-678,-1563,?
9,-,running,338,193.7,26.9,?,9941,4606,5837234.5,446355.5,-689,-1573,?
9,-,running,339,194.1,26.9,?,9928,4620,5837225.5,446345.88,-698,-1583,?
9,-,running,340,194.9,26.9,?,9907,4640,5837214.5,446328.25,-709,-1601,?
9,-,running,341,195.7,26.9,?,9887,4660,5837212.5,446308.34,-711,-1621,?
9,-,running,342,196.4,26.9,?,9867,4680,5837213.0,446289.06,-711,-1640,?
9,-,running,343,197.1,26.9,?,9848,4699,5837216.0,446269.84,-708,-1659,?
9,-,running,344,197.8,26.9,?,9828,4719,5837222.5,446251.2,-701,-1678,?
9,-,running,345,198.6,26.9,?,9808,4739,5837233.0,446234.0,-691,-1695,?
9,*,running,346,199.0,26.9,27.94,9798,4749,5837238.5,446225.66,-685,-1703,0
9,-,running,347,199.6,16.44,?,9788,4759,5837244.0,446216.94,-680,-1712,?
9,-,running,348,200.2,16.44,?,9778,4769,5837248.5,446207.88,-675,-1721,?
9,-,running,349,201.4,16.44,?,9759,4789,5837255.5,446190.03,-668,-1739,?
9,-,running,350,202.5,16.44,?,9741,4807,5837258.0,446172.22,-666,-1757,?
9,-,running,351,203.5,16.44,?,9723,4824,5837257.5,446154.56,-666,-1774,?
9,-,running,352,204.6,16.44,?,9705,4842,5837255.5,446136.8,-668,-1792,?
9,-,running,353,205.5,16.44,?,9691,4856,5837254.5,446122.53,-669,-1806,?
9,-,running,354,206.1,16.44,?,9680,4867,5837259.5,446113.53,-664,-1815,?
9,-,running,355,206.7,16.44,?,9671,4876,5837268.0,446116.6,-656,-1812,?
9,-,running,356,207.5,16.44,?,9658,4889,5837271.0,446129.4,-653,-1799,?
9,-,running,357,208.1,16.44,?,9647,4900,5837271.0,446140.66,-653,-1788,?
9,*,running,358,209.0,16.44,20.56,9634,4913,5837273.5,446153.66,-650,-1775,5
9,-,running,359,209.6,25.55,?,9617,4930,5837279.0,446169.6,-645,-1759,?
9,-,running,360,210.4,25.55,?,9597,4950,5837286.5,446188.22,-637,-1741,?
9,-,running,361,210.8,25.55,?,9586,4961,5837291.0,446198.0,-633,-1731,?
9,-,running,362,211.2,25.55,?,9575,4972,5837295.5,446207.84,-628,-1721,?
9,-,running,363,211.7,25.55,?,9564,4983,5837301.0,446217.56,-623,-1711,?
9,-,running,364,212.1,25.55,?,9553,4994,5837306.5,446226.97,-617,-1702,?
9,-,running,365,212.5,25.55,?,9542,5005,5837313.0,446235.62,-611,-1693,?
9,-,running,366,212.9,25.55,?,9532,5015,5837319.5,446243.2,-604,-1686,?
9,-,running,367,213.7,25.55,?,9513,5034,5837334.5,446255.6,-589,-1673,?
9,-,running,368,214.4,25.55,?,9494,5053,5837350.5,446265.03,-573,-1664,?
9,-,running,369,215.2,25.55,?,9474,5073,5837370.0,446270.38,-554,-1658,?
9,-,running,370,216.0,25.55,?,9454,5094,5837390.5,446272.03,-533,-1657,?
9,-,running,371,216.4,25.55,?,9443,5105,5837401.5,446272.03,-522,-1657,?
9,-,running,372,216.9,25.55,?,9430,5117,5837413.5,446271.4,-510,-1657,?
9,-,running,373,217.3,25.55,?,9419,5128,5837424.5,446269.97,-499,-1659,?
9,-,running,374,217.8,25.55,?,9408,5139,5837436.0,446267.88,-488,-1661,?
9,-,running,375,218.2,25.55,?,9396,5151,5837447.0,446265.16,-477,-1664,?
9,-,running,376,218.7,25.55,?,9385,5162,5837457.5,446261.5,-466,-1667,?
9,-,running,377,219.1,25.55,?,9375,5172,5837466.5,446256.25,-457,-1673,?
9,-,running,378,219.8,25.55,?,9356,5192,5837480.0,446242.53,-444,-1686,?
9,-,running,379,220.6,25.55,?,9336,5211,5837490.0,446225.28,-434,-1704,?
9,-,running,380,221.4,25.55,?,9316,5232,5837499.0,446207.38,-425,-1721,?
9,-,running,381,221.8,25.55,?,9305,5242,5837504.5,446198.3,-419,-1731,?
9,-,running,382,222.2,25.55,?,9294,5253,5837511.0,446189.47,-413,-1739,?
9,-,running,383,222.7,25.55,?,9283,5264,5837517.5,446180.75,-406,-1748,?
9,-,running,384,223.1,25.55,?,9272,5275,5837523.5,446171.9,-400,-1757,?
9,-,running,385,223.5,25.55,?,9261,5286,5837530.5,446163.06,-393,-1766,?
9,-,running,386,224.0,25.55,?,9250,5297,5837537.0,446154.25,-387,-1775,?
9,-,running,387,224.4,25.55,?,9240,5307,5837543.5,446146.1,-380,-1783,?
9,-,running,388,225.1,25.55,?,9221,5326,5837556.5,446132.72,-367,-1796,?
9,-,running,389,225.7,25.55,?,9206,5341,5837570.0,446125.22,-354,-1804,?
9,-,running,390,226.3,25.55,?,9191,5356,5837585.0,446124.03,-339,-1805,?
9,-,running,391,226.9,25.55,?,9175,5372,5837600.0,446128.12,-324,-1801,?
9,-,running,392,227.5,25.55,?,9159,5388,5837613.5,446136.6,-310,-1792,?
9,-,running,393,228.2,25.55,?,9142,5405,5837627.0,446147.62,-297,-1781,?
9,*,running,394,229.0,25.55,24.91,9123,5424,5837641.5,446160.03,-282,-1769,4
9,-,running,395,229.3,31.42,?,9113,5434,5837649.0,446166.38,-275,-1762,?
9,-,running,396,229.6,31.42,?,9102,5445,5837657.5,446172.56,-266,-1756,?
9,-,running,397,229.9,31.42,?,9092,5456,5837666.5,446178.56,-257,-1750,?
9,-,running,398,230.3,31.42,?,9080,5467,5837676.5,446184.34,-247,-1745,?
9,-,running,399,230.6,31.42,?,9069,5478,5837685.5,446189.9,-238,-1739,?
9,-,running,400,231.0,31.42,?,9057,5490,5837696.0,446195.62,-228,-1733,?
9,-,running,401,231.4,31.42,?,9046,5501,5837705.5,446201.1,-218,-1728,?
9,-,running,402,231.7,31.42,?,9035,5512,5837715.5,446206.47,-208,-1722,?
9,-,running,403,232.1,31.42,?,9024,5523,5837725.5,446211.78,-198,-1717,?
9,-,running,404,232.5,31.42,?,9012,5535,5837735.5,446217.03,-188,-1712,?
9,-,running,405,232.8,31.42,?,9002,5545,5837745.0,446222.28,-179,-1707,?
9,-,running,406,233.1,31.42,?,8991,5556,5837754.5,446227.66,-169,-1701,?
9,-,running,407,233.5,31.42,?,8980,5567,5837763.5,446232.97,-160,-1696,?
9,-,running,408,233.8,31.42,?,8969,5578,5837773.5,446238.6,-150,-1690,?
9,-,running,409,234.2,31.42,?,8958,5589,5837782.0,446244.6,-142,-1684,?
9,-,running,410,234.5,31.42,?,8947,5600,5837791.0,446250.9,-133,-1678,?
9,-,running,411,234.9,31.42,?,8937,5610,5837799.0,446257.28,-125,-1672,?
9,-,running,412,235.2,31.42,?,8927,5620,5837806.5,446263.84,-117,-1665,?
9,-,running,413,235.5,31.42,?,8917,5630,5837814.0,446271.16,-110,-1658,?
9,-,running,414,235.9,31.42,?,8905,5642,5837822.0,446279.44,-102,-1649,?
9,-,running,415,236.2,31.42,?,8894,5653,5837829.0,446288.38,-95,-1640,?
9,-,running,416,236.6,31.42,?,8883,5665,5837835.5,446297.62,-88,-1631,?
9,-,running,417,236.9,31.42,?,8871,5676,5837842.0,446306.8,-82,-1622,?
9,-,running,418,237.3,31.42,?,8861,5686,5837847.5,446315.12,-76,-1614,?
9,-,running,419,237.8,31.42,?,8845,5702,5837857.5,446328.5,-66,-1600,?
9,-,running,420,238.3,31.42,?,8828,5719,5837870.0,446339.78,-54,-1589,?
9,*,running,421,239.0,31.42,27.44,8808,5739,5837887.0,446349.2,-37,-1580,5
9,-,running,422,239.2,40.83,?,8797,5750,5837897.5,446353.22,-26,-1576,?
9,-,running,423,239.5,40.83,?,8786,5761,5837908.0,446356.44,-16,-1572,?
9,-,running,424,239.8,40.83,?,8774,5773,5837919.5,446359.34,-4,-1570,?
9,-,running,425,240.1,40.83,?,8762,5785,5837931.5,446361.62,7,-1567,?
9,-,running,426,240.4,40.83,?,8750,5797,5837943.0,446362.97,19,-1566,?
9,-,running,427,240.6,40.83,?,8739,5808,5837954.0,446363.5,30,-1565,?
9,-,running,428,240.9,40.83,?,8729,5818,5837964.5,446363.22,40,-1566,?
9,-,running,429,241.2,40.83,?,8718,5829,5837975.5,446362.6,51,-1566,?
9,-,running,430,241.4,40.83,?,8708,5839,5837985.5,446362.1,61,-1567,?
9,-,running,431,241.9,40.83,?,8686,5861,5838007.0,446362.3,83,-1567,?
9,-,running,432,242.2,40.83,?,8676,5871,5838017.5,446363.78,93,-1565,?
9,-,running,433,242.5,40.83,?,8665,5882,5838028.0,446366.2,104,-1563,?
9,-,running,434,242.7,40.83,?,8654,5893,5838038.5,446369.16,114,-1560,?
9,-,running,435,243.0,40.83,?,8643,5905,5838049.5,446373.0,125,-1556,?
9,-,running,436,243.3,40.83,?,8631,5917,5838060.5,446377.66,136,-1551,?
9,-,running,437,243.6,40.83,?,8618,5929,5838071.5,446382.97,147,-1546,?
9,-,running,438,243.9,40.83,?,8606,5941,5838082.0,446388.5,158,-1540,?
9,-,running,439,244.2,40.83,?,8594,5953,5838093.0,446394.03,169,-1535,?
9,-,running,440,244.5,40.83,?,8582,5965,5838104.0,446399.97,180,-1529,?
9,-,running,441,244.8,40.83,?,8569,5978,5838114.5,446406.16,190,-1523,?
9,-,running,442,245.1,40.83,?,8557,5990,5838125.5,446412.44,201,-1516,?
9,-,running,443,245.4,40.83,?,8544,6003,5838136.5,446418.5,212,-1510,?
9,-,running,444,245.7,40.83,?,8532,6015,5838147.5,446424.44,223,-1504,?
9,-,running,445,246.0,40.83,?,8520,6027,5838158.0,446430.22,234,-1499,?
9,-,running,446,246.3,40.83,?,8508,6039,5838168.0,446436.03,244,-1493,?
9,-,running,447,246.6,40.83,?,8497,6050,5838177.5,446441.8,253,-1487,?
9,-,running,448,249.7,40.83,?,8368,6179,5838276.0,446525.75,352,-1403,?
9,-,running,449,250.1,40.83,?,8355,6192,5838285.5,446534.38,361,-1394,?
9,-,running,450,250.4,40.83,?,8342,6205,5838294.0,446543.47,370,-1385,?
9,-,running,451,250.7,40.83,?,8329,6218,5838303.0,446553.03,379,-1376,?
9,-,running,452,251.2,40.83,?,8309,6238,5838316.5,446568.38,392,-1360,?
9,-,running,453,251.7,40.83,?,8289,6258,5838329.5,446582.78,405,-1346,?
9,-,running,454,252.0,40.83,?,8276,6271,5838337.5,446592.94,413,-1336,?
9,-,running,455,252.3,40.83,?,8263,6284,5838346.0,446603.3,422,-1326,?
9,-,running,456,252.6,40.83,?,8250,6297,5838355.0,446613.28,431,-1316,?
9,*,running,457,253.0,40.83,47.9,8237,6310,5838363.5,446622.97,439,-1306,5
9,-,running,458,253.5,21.62,?,8224,6323,5838372.0,446632.2,448,-1297,?
9,-,running,459,254.1,21.62,?,8212,6336,5838381.5,446640.6,457,-1288,?
9,-,running,460,254.7,21.62,?,8200,6347,5838390.0,446648.8,466,-1280,?
9,-,running,461,255.2,21.62,?,8187,6360,5838399.5,446656.62,475,-1272,?
9,-,running,462,255.8,21.62,?,8176,6371,5838408.5,446664.0,484,-1265,?
9,-,running,463,256.3,21.62,?,8164,6383,5838417.0,446671.7,493,-1257,?
9,-,running,464,256.9,21.62,?,8152,6395,5838426.0,446679.75,502,-1249,?
9,-,running,465,257.4,21.62,?,8140,6407,5838434.0,446688.7,510,-1240,?
9,-,running,466,258.0,21.62,?,8128,6419,5838441.0,446698.5,517,-1230,?
9,-,running,467,258.5,21.62,?,8116,6431,5838447.5,446708.66,523,-1220,?
9,-,running,468,259.1,21.62,?,8104,6443,5838454.5,446718.78,530,-1210,?
9,-,running,469,259.6,21.62,?,8093,6454,5838460.0,446728.47,536,-1200,?
9,-,running,470,260.1,21.62,?,8081,6466,5838466.0,446737.9,542,-1191,?
9,-,running,471,260.6,21.62,?,8071,6476,5838472.0,446746.7,548,-1182,?
9,-,running,472,261.5,21.62,?,8052,6495,5838482.5,446762.22,558,-1167,?
9,-,running,473,262.2,21.62,?,8038,6509,5838490.0,446774.6,566,-1154,?
9,-,running,474,262.6,21.62,?,8027,6520,5838489.0,446785.06,565,-1144,?
9,-,running,475,263.4,21.62,?,8012,6535,5838477.0,446794.75,553,-1134,?
9,-,running,476,264.1,21.62,?,7995,6552,5838462.0,446802.34,538,-1127,?
9,-,running,477,265.1,21.62,?,7975,6572,5838444.0,446810.8,520,-1118,?
9,-,running,478,266.0,21.62,?,7954,6593,5838425.0,446818.5,501,-1110,?
9,-,running,479,266.9,21.62,?,7936,6612,5838407.0,446824.3,483,-1105,?
9,-,running,480,267.7,21.62,?,7918,6629,5838389.5,446827.44,465,-1101,?
9,-,running,481,269.0,21.62,?,7889,6658,5838362.0,446836.0,438,-1093,?
9,-,running,482,269.6,21.62,?,7877,6670,5838368.5,446845.88,444,-1083,?
9,-,running,483,270.6,21.62,?,7856,6692,5838389.5,446840.9,465,-1088,?
9,-,running,484,271.9,21.62,?,7827,6720,5838418.0,446841.22,494,-1088,?
9,-,running,485,273.2,21.62,?,7799,6748,5838446.0,446845.72,522,-1083,?
9,-,running,486,274.5,21.62,?,7771,6776,5838473.5,446848.9,549,-1080,?
9,-,running,487,275.7,21.62,?,7745,6802,5838499.5,446851.56,575,-1077,?
9,*,running,488,277.0,21.62,31.5,7718,6829,5838526.0,446857.12,602,-1072,2
9,-,running,489,278.0,28.02,?,7688,6859,5838554.0,446867.38,630,-1061,?
9,-,running,490,278.8,28.02,?,7667,6880,5838572.5,446877.22,648,-1052,?
9,-,running,491,279.5,28.02,?,7646,6901,5838587.0,446892.47,663,-1036,?
9,-,running,492,280.4,28.02,?,7622,6925,5838596.5,446914.6,672,-1014,?
9,-,running,493,281.1,28.02,?,7602,6945,5838603.0,446933.06,679,-996,?
9,-,running,494,281.9,28.02,?,7578,6969,5838616.5,446953.28,692,-976,?
9,-,running,495,282.8,28.02,?,7554,6993,5838635.5,446967.53,711,-961,?
9,-,running,496,283.7,28.02,?,7530,7018,5838659.0,446975.1,735,-954,?
9,-,running,497,284.5,28.02,?,7507,7040,5838680.0,446982.16,756,-947,?
9,-,running,498,285.5,28.02,?,7478,7069,5838708.0,446990.78,784,-938,?
9,-,running,499,286.2,28.02,?,7458,7089,5838727.5,446996.0,803,-933,?
9,*,running,500,287.0,28.02,30.63,7438,7110,5838746.5,447003.5,822,-925,9
9,-,running,501,287.9,27.92,?,7410,7137,5838770.0,447018.28,846,-911,?
9,-,running,502,288.9,27.92,?,7383,7165,5838792.0,447034.25,868,-895,?
9,-,running,503,289.9,27.92,?,7354,7193,5838818.0,447046.3,894,-883,?
9,-,running,504,290.8,27.92,?,7330,7218,5838841.0,447054.4,917,-874,?
9,-,running,505,291.6,27.92,?,7308,7239,5838857.0,447068.5,933,-860,?
9,-,running,506,292.4,27.92,?,7286,7261,5838867.5,447088.47,943,-840,?
9,-,running,507,293.2,27.92,?,7262,7285,5838871.5,447111.62,947,-817,?
9,-,running,508,294.1,27.92,?,7237,7310,5838877.5,447135.97,953,-793,?
9,-,running,509,295.0,27.92,?,7214,7333,5838889.0,447156.1,965,-773,?
9,-,running,510,295.9,27.92,?,7188,7359,5838908.5,447172.6,984,-756,?
9,-,running,511,298.2,27.92,?,7123,7424,5838965.5,447204.03,1041,-725,?
9,-,running,512,298.4,27.92,?,7117,7430,5838971.5,447206.66,1047,-722,?
9,-,running,513,298.8,27.92,?,7108,7440,5838980.5,447208.53,1056,-720,?
9,-,running,514,299.3,27.92,?,7091,7456,5838996.5,447210.25,1072,-719,?
9,-,running,515,300.0,27.92,?,7072,7475,5839016.0,447209.84,1092,-719,?
9,-,running,516,300.4,27.92,?,7062,7485,5839026.0,447208.53,1102,-720,?
9,-,running,517,300.8,27.92,?,7051,7496,5839037.0,447206.78,1113,-722,?
9,-,running,518,301.2,27.92,?,7040,7508,5839048.0,447204.84,1124,-724,?
9,-,running,519,301.6,27.92,?,7030,7517,5839057.5,447202.72,1133,-726,?
9,-,running,520,302.2,27.92,?,7010,7537,5839076.5,447198.4,1152,-730,?
9,-,running,521,303.0,27.92,?,6990,7557,5839096.0,447193.28,1172,-736,?
9,-,running,522,303.4,27.92,?,6979,7568,5839106.0,447189.28,1182,-740,?
9,-,running,523,303.8,27.92,?,6967,7580,5839117.0,447184.25,1193,-745,?
9,-,running,524,304.3,27.92,?,6954,7593,5839128.5,447177.7,1204,-751,?
9,-,running,525,304.7,27.92,?,6941,7606,5839139.5,447171.12,1215,-758,?
9,-,running,526,305.2,27.92,?,6929,7619,5839150.0,447164.06,1226,-765,?
9,-,running,527,305.6,27.92,?,6916,7631,5839160.5,447156.7,1236,-772,?
9,-,running,528,306.1,27.92,?,6904,7644,5839170.0,447149.0,1246,-780,?
9,-,running,529,306.5,27.92,?,6891,7656,5839179.5,447140.88,1255,-788,?
9,*,running,530,307.0,27.92,32.7,6879,7668,5839188.0,447132.38,1264,-796,5
9,-,running,531,307.6,19.98,?,6867,7680,5839196.5,447123.62,1272,-805,?
9,-,running,532,308.1,19.98,?,6855,7692,5839204.0,447114.72,1280,-814,?
9,-,running,533,308.7,19.98,?,6843,7704,5839211.5,447105.72,1287,-823,?
9,-,running,534,309.3,19.98,?,6832,7715,5839218.5,447097.03,1294,-832,?
9,-,running,535,310.2,19.98,?,6814,7733,5839230.5,447083.56,1306,-845,?
9,-,running,536,310.8,19.98,?,6801,7746,5839242.5,447078.72,1318,-850,?
9,-,running,537,311.5,19.98,?,6788,7759,5839255.0,447082.1,1331,-847,?
9,-,running,538,312.2,19.98,?,6775,7772,5839266.0,447090.03,1342,-839,?
9,-,running,539,312.8,19.98,?,6761,7786,5839272.5,447101.8,1348,-827,?
9,-,running,540,313.5,19.98,?,6748,7799,5839270.5,447115.03,1346,-814,?
9,-,running,541,314.3,19.98,?,6733,7814,5839265.0,447129.22,1341,-800,?
9,-,running,542,314.8,19.98,?,6721,7826,5839259.5,447139.16,1335,-790,?
9,-,running,543,315.4,19.98,?,6710,7838,5839254.0,447149.72,1330,-779,?
9,-,running,544,316.0,19.98,?,6697,7850,5839248.5,447160.75,1324,-768,?
9,*,running,545,317.0,19.98,27.68,6679,7868,5839238.5,447175.72,1314,-753,9
9,-,running,546,317.3,29.46,?,6668,7879,5839232.5,447184.7,1308,-744,?
9,-,running,547,317.7,29.46,?,6657,7890,5839226.0,447194.28,1302,-735,?
9,-,running,548,318.1,29.46,?,6645,7902,5839219.0,447204.16,1295,-725,?
9,-,running,549,318.5,29.46,?,6633,7914,5839213.0,447214.0,1289,-715,?
9,-,running,550,318.9,29.46,?,6621,7926,5839206.0,447223.66,1282,-705,?
9,-,running,551,319.3,29.46,?,6609,7938,5839199.0,447233.2,1275,-696,?
9,-,running,552,319.7,29.46,?,6598,7949,5839192.5,447242.78,1268,-686,?
9,-,running,553,320.1,29.46,?,6586,7961,5839186.0,447252.5,1262,-676,?
9,-,running,554,320.5,29.46,?,6575,7972,5839180.0,447261.56,1256,-667,?
9,-,running,555,320.8,29.46,?,6565,7982,5839173.5,447269.8,1249,-659,?
9,-,running,556,321.2,29.46,?,6553,7994,5839166.5,447279.2,1242,-650,?
9,-,running,557,321.7,29.46,?,6538,8009,5839157.0,447290.9,1233,-638,?
9,-,running,558,322.2,29.46,?,6524,8023,5839146.5,447299.72,1222,-629,?
9,-,running,559,322.9,29.46,?,6505,8042,5839130.0,447309.75,1206,-619,?
9,-,running,560,323.6,29.46,?,6484,8063,5839110.0,447314.4,1186,-614,?
9,-,running,561,323.9,29.46,?,6473,8074,5839099.0,447315.84,1175,-613,?
9,-,running,562,324.3,29.46,?,6462,8085,5839087.5,447317.62,1163,-611,?
9,-,running,563,324.7,29.46,?,6451,8096,5839077.0,447320.4,1153,-608,?
9,-,running,564,325.1,29.46,?,6439,8108,5839065.5,447323.78,1141,-605,?
9,-,running,565,325.5,29.46,?,6427,8120,5839054.5,447327.47,1130,-601,?
9,-,running,566,325.9,29.46,?,6415,8132,5839043.0,447331.06,1119,-598,?
9,-,running,567,326.3,29.46,?,6403,8144,5839031.5,447333.97,1107,-595,?
9,-,running,568,326.7,29.46,?,6392,8155,5839020.5,447336.62,1096,-592,?
9,-,running,569,327.1,29.46,?,6381,8166,5839009.5,447339.4,1085,-589,?
9,-,running,570,327.5,29.46,?,6370,8177,5838999.0,447342.25,1075,-587,?
9,-,running,571,327.8,29.46,?,6359,8188,5838988.5,447345.12,1064,-584,?
9,-,running,572,328.2,29.46,?,6348,8199,5838978.5,447348.75,1054,-580,?
9,-,running,573,328.5,29.46,?,6338,8209,5838969.0,447353.22,1045,-576,?
9,-,running,574,328.9,29.46,?,6327,8220,5838959.5,447358.88,1035,-570,?
9,-,running,575,329.3,29.46,?,6316,8231,5838951.5,447365.6,1027,-563,?
9,-,running,576,329.6,29.46,?,6306,8241,5838943.5,447372.56,1019,-556,?
9,-,running,577,330.2,29.46,?,6289,8258,5838933.0,447385.47,1009,-543,?
9,-,running,578,330.6,29.46,?,6277,8270,5838927.5,447396.16,1003,-533,?
9,-,running,579,331.1,29.46,?,6263,8284,5838929.0,447410.03,1005,-519,?
9,-,running,580,331.6,29.46,?,6246,8301,5838936.0,447425.25,1012,-504,?
9,-,running,581,332.2,29.46,?,6229,8318,5838943.0,447441.06,1019,-488,?
9,-,running,582,332.9,29.46,?,6208,8339,5838950.0,447460.8,1026,-468,?
9,-,running,583,333.3,29.46,?,6197,8350,5838953.5,447471.34,1029,-458,?
9,-,running,584,333.7,29.46,?,6186,8361,5838957.0,447481.66,1033,-447,?
9,-,running,585,334.1,29.46,?,6175,8372,5838960.5,447491.94,1036,-437,?
9,-,running,586,334.4,29.46,?,6164,8383,5838964.5,447502.7,1040,-426,?
9,-,running,587,334.8,29.46,?,6152,8395,5838968.0,447513.72,1044,-415,?
9,-,running,588,335.2,29.46,?,6140,8407,5838972.0,447525.06,1048,-404,?
9,-,running,589,335.7,29.46,?,6128,8419,5838976.5,447536.06,1052,-393,?
9,-,running,590,336.0,29.46,?,6117,8431,5838981.0,447546.78,1057,-382,?
9,-,running,591,336.5,29.46,?,6103,8445,5838988.0,447558.97,1064,-370,?
9,*,running,592,337.0,29.46,38.75,6090,8457,5838993.5,447570.3,1069,-359,10
9,-,running,593,337.3,35.64,?,6078,8470,5838999.0,447581.38,1075,-347,?
9,-,running,594,337.6,35.64,?,6066,8481,5839004.0,447592.03,1080,-337,?
9,-,running,595,338.0,35.64,?,6054,8493,5839008.5,447602.9,1084,-326,?
9,-,running,596,338.3,35.64,?,6043,8504,5839012.5,447613.34,1088,-316,?
9,-,running,597,338.6,35.64,?,6032,8515,5839016.0,447623.2,1092,-306,?
9,-,running,598,338.9,35.64,?,6021,8526,5839020.5,447633.44,1096,-295,?
9,-,running,599,339.2,35.64,?,6009,8538,5839025.5,447644.25,1101,-285,?
9,-,running,600,339.5,35.64,?,5998,8549,5839029.5,447655.03,1105,-274,?
9,-,running,601,339.9,35.64,?,5986,8561,5839032.0,447666.34,1108,-263,?
9,-,running,602,340.2,35.64,?,5972,8575,5839033.0,447680.06,1109,-249,?
9,-,running,603,340.6,35.64,?,5959,8588,5839034.0,447693.06,1110,-236,?
9,-,running,604,341.0,35.64,?,5947,8600,5839035.0,447705.5,1111,-223,?
9,-,running,605,341.3,35.64,?,5935,8612,5839036.5,447717.4,1112,-211,?
9,-,running,606,341.6,35.64,?,5924,8623,5839038.5,447728.47,1114,-200,?
9,-,running,607,341.9,35.64,?,5913,8635,5839041.5,447739.22,1117,-190,?
9,-,running,608,342.2,35.64,?,5902,8646,5839045.0,447749.62,1121,-179,?
9,-,running,609,342.5,35.64,?,5891,8656,5839047.5,447759.5,1123,-169,?
9,-,running,610,342.8,35.64,?,5881,8666,5839051.0,447769.62,1127,-159,?
9,-,running,611,343.2,35.64,?,5866,8681,5839056.5,447782.78,1132,-146,?
9,-,running,612,343.6,35.64,?,5854,8693,5839063.5,447792.47,1139,-136,?
9,-,running,613,344.1,35.64,?,5835,8712,5839079.0,447804.84,1155,-124,?
9,-,running,614,344.5,35.64,?,5821,8726,5839091.5,447810.4,1167,-118,?
9,-,running,615,344.9,35.64,?,5808,8739,5839103.5,447814.9,1179,-114,?
9,-,running,616,345.2,35.64,?,5796,8751,5839115.5,447818.4,1191,-110,?
9,-,running,617,345.5,35.64,?,5784,8763,5839126.5,447820.7,1202,-108,?
9,-,running,618,345.9,35.64,?,5772,8775,5839138.5,447821.97,1214,-107,?
9,-,running,619,346.2,35.64,?,5761,8786,5839149.5,447822.3,1225,-107,?
9,-,running,620,346.5,35.64,?,5750,8797,5839161.0,447821.88,1237,-107,?
9,-,running,621,346.8,35.64,?,5737,8810,5839173.5,447820.47,1249,-108,?
9,-,running,622,347.2,35.64,?,5726,8821,5839184.5,447818.1,1260,-111,?
9,-,running,623,347.5,35.64,?,5715,8832,5839195.5,447815.62,1271,-113,?
9,-,running,624,347.8,35.64,?,5703,8844,5839206.5,447812.9,1282,-116,?
9,-,running,625,348.1,35.64,?,5692,8855,5839217.0,447809.72,1293,-119,?
9,-,running,626,348.5,35.64,?,5679,8868,5839229.0,447804.5,1305,-124,?
9,-,running,627,348.9,35.64,?,5666,8881,5839241.5,447799.03,1317,-130,?
9,-,running,628,349.2,35.64,?,5653,8894,5839253.5,447794.1,1329,-135,?
9,-,running,629,349.6,35.64,?,5639,8908,5839266.5,447788.75,1342,-140,?
9,-,running,630,350.0,35.64,?,5626,8921,5839277.5,447783.06,1353,-146,?
9,-,running,631,350.3,35.64,?,5613,8934,5839289.0,447776.84,1365,-152,?
9,-,running,632,350.7,35.64,?,5600,8948,5839301.0,447770.47,1377,-158,?
9,-,running,633,351.0,35.64,?,5588,8959,5839311.5,447765.72,1387,-163,?
9,-,running,634,351.3,35.64,?,5578,8969,5839321.0,447761.5,1397,-167,?
9,-,running,635,351.9,35.64,?,5558,8989,5839339.0,447753.56,1415,-175,?
9,-,running,636,352.3,35.64,?,5542,9005,5839354.0,447747.47,1430,-181,?
9,-,running,637,352.9,35.64,?,5521,9027,5839370.5,447734.06,1446,-195,?
9,-,running,638,353.2,35.64,?,5510,9037,5839380.0,447729.22,1456,-200,?
9,-,running,639,353.6,35.64,?,5497,9050,5839389.5,447720.88,1465,-208,?
9,-,running,640,354.0,35.64,?,5483,9064,5839400.0,447711.72,1476,-217,?
9,-,running,641,354.5,35.64,?,5466,9081,5839413.5,447701.0,1489,-228,?
9,-,running,642,354.7,35.64,?,5456,9091,5839421.0,447694.38,1497,-234,?
9,-,running,643,355.0,35.64,?,5445,9102,5839429.0,447686.97,1505,-242,?
9,-,running,644,355.4,35.64,?,5433,9114,5839437.5,447678.94,1513,-250,?
9,-,running,645,355.7,35.64,?,5421,9126,5839446.5,447670.47,1522,-258,?
9,-,running,646,356.1,35.64,?,5408,9139,5839456.0,447661.72,1532,-267,?
9,-,running,647,356.4,35.64,?,5396,9151,5839465.0,447652.97,1541,-276,?
9,-,running,648,356.8,35.64,?,5384,9163,5839473.0,447644.47,1549,-284,?
9,-,running,649,357.1,35.64,?,5373,9175,5839480.5,447635.9,1556,-293,?
9,-,running,650,357.4,35.64,?,5361,9186,5839488.5,447627.4,1564,-301,?
9,-,running,651,357.7,35.64,?,5350,9197,5839496.5,447619.44,1572,-309,?
9,-,running,652,358.0,35.64,?,5339,9208,5839504.5,447612.3,1580,-317,?
9,-,running,653,358.3,35.64,?,5328,9219,5839513.5,447606.38,1589,-322,?
9,-,running,654,358.6,35.64,?,5318,9229,5839522.5,447601.06,1598,-328,?
9,-,running,655,359.0,35.64,?,5306,9241,5839533.5,447596.25,1609,-333,?
9,-,running,656,359.3,35.64,?,5293,9254,5839545.0,447592.12,1621,-337,?
9,-,running,657,359.6,35.64,?,5281,9266,5839556.5,447588.2,1632,-341,?
9,-,running,658,360.0,35.64,?,5269,9278,5839568.0,447584.2,1644,-345,?
9,-,running,659,360.3,35.64,?,5257,9291,5839580.0,447580.6,1656,-348,?
9,-,running,660,360.7,35.64,?,5245,9302,5839591.5,447577.75,1667,-351,?
9,-,running,661,361.0,35.64,?,5232,9315,5839603.5,447575.2,1679,-354,?
9,-,running,662,361.4,35.64,?,5219,9328,5839616.5,447573.22,1692,-356,?
9,-,running,663,361.7,35.64,?,5206,9341,5839629.5,447572.22,1705,-357,?
9,-,running,664,362.1,35.64,?,5193,9354,5839643.0,447572.16,1719,-357,?
9,-,running,665,362.5,35.64,?,5180,9367,5839656.0,447573.2,1732,-356,?
9,-,running,666,362.9,35.64,?,5166,9381,5839669.5,447575.1,1745,-354,?
9,-,running,667,363.2,35.64,?,5153,9394,5839682.5,447578.25,1758,-351,?
9,-,running,668,363.6,35.64,?,5140,9407,5839694.5,447581.97,1770,-347,?
9,-,running,669,363.9,35.64,?,5128,9419,5839706.0,447585.75,1782,-343,?
9,-,running,670,364.3,35.64,?,5116,9431,5839717.0,447589.44,1793,-339,?
9,-,running,671,364.6,35.64,?,5105,9442,5839728.0,447592.94,1804,-336,?
9,-,running,672,364.9,35.64,?,5094,9453,5839738.5,447596.56,1814,-332,?
9,-,running,673,365.2,35.64,?,5083,9464,5839748.5,447600.94,1824,-328,?
9,-,running,674,365.5,35.64,?,5073,9475,5839757.0,447606.9,1833,-322,?
9,-,running,675,365.8,35.64,?,5062,9485,5839764.0,447614.4,1840,-314,?
9,-,running,676,366.1,35.64,?,5052,9495,5839770.0,447623.06,1846,-306,?
9,-,running,677,366.7,35.64,?,5031,9516,5839775.5,447642.78,1851,-286,?
9,*,running,678,367.0,35.64,22.69,5021,9527,5839776.5,447653.4,1852,-275,9
9,-,running,679,367.3,32.72,?,5009,9538,5839777.5,447664.5,1853,-264,?
9,-,running,680,367.7,32.72,?,4998,9550,5839777.5,447676.38,1853,-252,?
9,-,running,681,368.0,32.72,?,4986,9561,5839776.5,447688.2,1852,-241,?
9,-,running,682,368.4,32.72,?,4974,9574,5839776.5,447700.3,1852,-229,?
9,-,running,683,368.8,32.72,?,4960,9587,5839776.5,447713.88,1852,-215,?
9,-,running,684,369.2,32.72,?,4946,9601,5839776.0,447727.66,1852,-201,?
9,-,running,685,369.6,32.72,?,4933,9614,5839776.5,447741.25,1852,-188,?
9,-,running,686,370.0,32.72,?,4919,9628,5839777.5,447754.7,1853,-174,?
9,-,running,687,370.4,32.72,?,4906,9641,5839778.5,447767.7,1854,-161,?
9,-,running,688,370.8,32.72,?,4894,9654,5839780.0,447780.22,1856,-149,?
9,-,running,689,371.2,32.72,?,4881,9666,5839782.0,447792.47,1858,-136,?
9,-,running,690,371.6,32.72,?,4869,9678,5839784.5,447804.25,1860,-125,?
9,-,running,691,371.9,32.72,?,4857,9690,5839788.5,447815.3,1864,-114,?
9,-,running,692,372.3,32.72,?,4845,9702,5839793.5,447826.22,1869,-103,?
9,-,running,693,372.7,32.72,?,4833,9715,5839799.5,447837.44,1875,-91,?
9,-,running,694,373.1,32.72,?,4820,9727,5839805.0,447848.84,1881,-80,?
9,-,running,695,373.5,32.72,?,4807,9740,5839811.0,447860.7,1887,-68,?
9,-,running,696,373.9,32.72,?,4793,9754,5839817.0,447872.78,1893,-56,?
9,-,running,697,374.3,32.72,?,4780,9767,5839822.5,447885.06,1898,-44,?
9,-,running,698,374.7,32.72,?,4766,9781,5839828.5,447897.28,1904,-32,?
9,-,running,699,375.1,32.72,?,4753,9794,5839834.0,447909.3,1910,-20,?
9,-,running,700,375.5,32.72,?,4740,9808,5839839.5,447921.4,1915,-7,?
9,*,running,701,376.0,32.72,40.66,4726,9821,5839845.0,447933.7,1921,4,12
9,-,running,702,376.5,27.02,?,4713,9835,5839850.5,447946.1,1926,16,?
9,-,running,703,377.0,27.02,?,4699,9848,5839855.5,447958.88,1931,29,?
9,-,running,704,377.5,27.02,?,4685,9862,5839860.0,447971.7,1936,42,?
9,-,running,705,378.0,27.02,?,4671,9876,5839865.0,447984.66,1941,55,?
9,-,running,706,378.5,27.02,?,4658,9889,5839869.5,447997.2,1945,67,?
9,-,running,707,378.9,27.02,?,4645,9902,5839874.5,448008.94,1950,79,?
9,-,running,708,379.4,27.02,?,4634,9913,5839879.0,448019.38,1955,90,?
9,-,running,709,380.1,27.02,?,4613,9934,5839889.5,448037.4,1965,108,?
9,-,running,710,380.5,27.02,?,4603,9944,5839896.0,448045.44,1972,116,?
9,-,running,711,380.9,27.02,?,4593,9954,5839902.5,448052.97,1978,123,?
9,-,running,712,381.3,27.02,?,4582,9965,5839910.0,448060.2,1986,130,?
9,-,running,713,381.7,27.02,?,4571,9976,5839918.0,448067.72,1994,138,?
9,-,running,714,382.1,27.02,?,4561,9986,5839925.5,448075.28,2001,145,?
9,-,running,715,382.8,27.02,?,4542,10005,5839937.0,448090.22,2013,160,?
9,-,running,716,383.3,27.02,?,4527,10020,5839938.0,448105.34,2014,176,?
9,-,running,717,383.9,27.02,?,4510,10037,5839929.0,448118.9,2005,189,?
9,-,running,718,384.6,27.02,?,4492,10055,5839917.5,448133.12,1993,203,?
9,-,running,719,385.4,27.02,?,4471,10076,5839904.0,448149.38,1980,220,?
9,-,running,720,385.8,27.02,?,4460,10087,5839897.5,448158.3,1973,228,?
9,-,running,721,386.2,27.02,?,4448,10099,5839890.5,448167.84,1966,238,?
9,-,running,722,386.7,27.02,?,4436,10111,5839883.5,448177.88,1959,248,?
9,-,running,723,387.1,27.02,?,4424,10123,5839877.5,448188.5,1953,259,?
9,-,running,724,387.6,27.02,?,4412,10136,5839872.5,448199.53,1948,270,?
9,-,running,725,388.0,27.02,?,4400,10147,5839869.0,448210.84,1945,281,?
9,-,running,726,388.5,27.02,?,4388,10159,5839865.5,448222.38,1941,293,?
9,-,running,727,388.9,27.02,?,4376,10171,5839864.0,448233.44,1940,304,?
9,-,running,728,389.3,27.02,?,4366,10181,5839861.0,448243.3,1937,313,?
9,-,running,729,390.0,27.02,?,4347,10201,5839849.5,448259.16,1925,329,?
9,-,running,730,390.4,27.02,?,4336,10211,5839842.0,448266.3,1918,336,?
9,-,running,731,390.8,27.02,?,4325,10222,5839833.5,448273.38,1909,344,?
9,-,running,732,391.2,27.02,?,4314,10234,5839824.5,448280.78,1900,351,?
9,-,running,733,391.6,27.02,?,4302,10245,5839815.5,448288.06,1891,358,?
9,-,running,734,392.1,27.02,?,4291,10256,5839807.0,448295.06,1883,365,?
9,-,running,735,392.5,27.02,?,4280,10267,5839797.5,448300.84,1873,371,?
9,-,running,736,392.9,27.02,?,4269,10278,5839788.0,448305.94,1864,376,?
9,-,running,737,393.3,27.02,?,4258,10289,5839777.5,448309.6,1853,380,?
9,-,running,738,393.7,27.02,?,4247,10300,5839766.5,448311.84,1842,382,?
9,-,running,739,394.1,27.02,?,4235,10312,5839755.0,448314.3,1831,384,?
9,-,running,740,394.5,27.02,?,4224,10323,5839744.5,448316.97,1820,387,?
9,-,running,741,394.9,27.02,?,4213,10334,5839734.0,448318.7,1810,389,?
9,-,running,742,395.3,27.02,?,4203,10344,5839723.5,448319.25,1799,389,?
9,-,running,743,395.7,27.02,?,4192,10355,5839712.5,448318.6,1788,389,?
9,-,running,744,396.1,27.02,?,4181,10366,5839701.5,448317.3,1777,387,?
9,-,running,745,396.6,27.02,?,4169,10378,5839690.0,448317.0,1766,387,?
9,-,running,746,397.0,27.02,?,4157,10390,5839678.0,448318.7,1754,389,?
9,-,running,747,397.4,27.02,?,4145,10402,5839666.5,448321.94,1742,392,?
9,-,running,748,397.9,27.02,?,4133,10414,5839654.5,448325.34,1730,396,?
9,-,running,749,398.4,27.02,?,4120,10427,5839641.5,448327.34,1717,398,?
9,-,running,750,398.8,27.02,?,4108,10440,5839629.5,448328.5,1705,399,?
9,-,running,751,399.2,27.02,?,4097,10451,5839618.5,448328.06,1694,398,?
9,*,running,752,400.0,27.02,17.06,4078,10470,5839599.5,448329.4,1675,400,6
9,-,running,753,400.9,19.54,?,4058,10489,5839583.0,448339.84,1659,410,?
9,-,running,754,401.5,19.54,?,4047,10500,5839576.0,448347.75,1652,418,?
9,-,running,755,402.1,19.54,?,4036,10511,5839569.5,448357.0,1645,427,?
9,-,running,756,402.7,19.54,?,4024,10523,5839564.0,448367.56,1640,438,?
9,-,running,757,403.3,19.54,?,4011,10536,5839562.5,448380.5,1638,451,?
9,-,running,758,404.0,19.54,?,3999,10548,5839561.5,448392.66,1637,463,?
9,-,running,759,404.6,19.54,?,3987,10560,5839560.0,448404.34,1636,475,?
9,-,running,760,405.2,19.54,?,3975,10572,5839560.0,448416.9,1636,487,?
9,-,running,761,405.7,19.54,?,3964,10583,5839556.0,448426.6,1632,497,?
9,-,running,762,406.6,19.54,?,3947,10600,5839544.0,448438.84,1620,509,?
9,-,running,763,407.2,19.54,?,3935,10612,5839532.0,448440.0,1608,510,?
9,-,running,764,407.9,19.54,?,3921,10626,5839521.0,448431.97,1597,502,?
9,-,running,765,408.6,19.54,?,3909,10638,5839510.0,448426.1,1586,496,?
9,-,running,766,409.1,19.54,?,3899,10648,5839500.5,448424.12,1576,494,?
9,*,running,767,410.0,19.54,22.32,3882,10665,5839483.5,448426.3,1559,496,5
9,-,running,768,410.6,28.32,?,3863,10684,5839464.5,448427.53,1540,498,?
9,-,running,769,411.0,28.32,?,3852,10695,5839454.0,448426.4,1530,497,?
9,-,running,770,411.4,28.32,?,3842,10705,5839444.0,448424.0,1520,494,?
9,-,running,771,411.8,28.32,?,3831,10716,5839433.0,448421.44,1509,492,?
9,-,running,772,412.2,28.32,?,3819,10728,5839421.5,448419.56,1497,490,?
9,-,running,773,412.6,28.32,?,3807,10740,5839409.5,448418.56,1485,489,?
9,-,running,774,413.0,28.32,?,3795,10752,5839397.0,448418.4,1473,489,?
9,-,running,775,413.5,28.32,?,3783,10764,5839385.0,448418.78,1461,489,?
9,-,running,776,413.9,28.32,?,3771,10776,5839373.5,448420.0,1449,490,?
9,-,running,777,414.3,28.32,?,3759,10788,5839362.0,448422.66,1438,493,?
9,-,running,778,414.7,28.32,?,3748,10800,5839351.0,448426.9,1427,497,?
9,-,running,779,415.1,28.32,?,3735,10812,5839340.0,448431.94,1416,502,?
9,-,running,780,415.5,28.32,?,3724,10823,5839329.5,448437.1,1405,507,?
9,-,running,781,416.0,28.32,?,3712,10835,5839319.0,448442.8,1395,513,?
9,-,running,782,416.4,28.32,?,3700,10847,5839309.5,448449.2,1385,519,?
9,-,running,783,416.8,28.32,?,3688,10859,5839299.0,448455.78,1375,526,?
9,-,running,784,417.2,28.32,?,3676,10871,5839289.5,448462.34,1365,533,?
9,-,running,785,417.6,28.32,?,3664,10883,5839279.0,448468.34,1355,539,?
9,-,running,786,418.0,28.32,?,3653,10894,5839268.5,448472.88,1344,543,?
9,-,running,787,418.5,28.32,?,3640,10907,5839256.5,448475.94,1332,546,?
9,-,running,788,418.9,28.32,?,3628,10919,5839244.5,448477.9,1320,548,?
9,-,running,789,419.3,28.32,?,3616,10931,5839232.5,448479.6,1308,550,?
9,-,running,790,419.8,28.32,?,3604,10944,5839220.0,448481.5,1296,552,?
9,-,running,791,420.2,28.32,?,3592,10955,5839208.5,448484.0,1284,554,?
9,-,running,792,420.6,28.32,?,3581,10966,5839198.0,448487.12,1274,557,?
9,-,running,793,421.0,28.32,?,3569,10978,5839187.0,448490.94,1263,561,?
9,-,running,794,421.4,28.32,?,3557,10990,5839175.5,448495.16,1251,565,?
9,-,running,795,421.9,28.32,?,3545,11002,5839164.5,448499.9,1240,570,?
9,-,running,796,422.3,28.32,?,3534,11013,5839154.5,448505.06,1230,575,?
9,-,running,797,422.6,28.32,?,3523,11024,5839146.0,448511.12,1222,581,?
9,-,running,798,423.3,28.32,?,3505,11042,5839137.0,448526.72,1213,597,?
9,-,running,799,423.9,28.32,?,3486,11061,5839135.5,448546.0,1211,616,?
9,-,running,800,424.7,28.32,?,3466,11082,5839131.0,448565.84,1207,636,?
9,-,running,801,425.0,28.32,?,3455,11092,5839127.0,448575.47,1203,646,?
9,-,running,802,425.4,28.32,?,3444,11103,5839121.0,448585.12,1197,655,?
9,-,running,803,425.8,28.32,?,3432,11115,5839115.0,448594.78,1191,665,?
9,-,running,804,426.2,28.32,?,3421,11126,5839108.5,448604.25,1184,674,?
9,-,running,805,426.6,28.32,?,3410,11137,5839102.5,448613.5,1178,684,?
9,-,running,806,427.0,28.32,?,3399,11148,5839096.5,448622.44,1172,693,?
9,-,running,807,427.4,28.32,?,3388,11159,5839091.0,448631.84,1167,702,?
9,-,running,808,427.8,28.32,?,3377,11170,5839086.5,448641.88,1162,712,?
9,-,running,809,428.2,28.32,?,3365,11182,5839081.0,448652.28,1157,722,?
9,-,running,810,428.6,28.32,?,3354,11193,5839076.5,448662.78,1152,733,?
9,-,running,811,429.0,28.32,?,3343,11204,5839073.5,448673.03,1149,743,?
9,-,running,812,429.3,28.32,?,3333,11214,5839071.5,448683.0,1147,753,?
9,*,running,813,430.0,28.32,29.1,3316,11231,5839071.5,448700.56,1147,771,0
9,-,running,814,430.5,29.3,?,3300,11247,5839073.5,448715.94,1149,786,?
9,-,running,815,430.9,29.3,?,3287,11260,5839076.5,448729.0,1152,799,?
9,-,running,816,431.4,29.3,?,3273,11274,5839083.5,448740.72,1159,811,?
9,-,running,817,431.9,29.3,?,3258,11289,5839094.5,448751.16,1170,821,?
9,-,running,818,432.5,29.3,?,3241,11306,5839108.5,448760.9,1184,831,?
9,-,running,819,433.1,29.3,?,3224,11323,5839123.0,448769.03,1199,839,?
9,-,running,820,433.5,29.3,?,3211,11337,5839135.5,448774.5,1211,845,?
9,-,running,821,433.9,29.3,?,3201,11346,5839144.5,448778.66,1220,849,?
9,-,running,822,434.2,29.3,?,3191,11356,5839154.0,448780.9,1230,851,?
9,-,running,823,434.7,29.3,?,3178,11369,5839167.0,448783.1,1243,853,?
9,-,running,824,435.1,29.3,?,3165,11382,5839179.5,448783.75,1255,854,?
9,-,running,825,435.5,29.3,?,3154,11393,5839190.5,448783.4,1266,854,?
9,-,running,826,435.8,29.3,?,3143,11404,5839201.5,448782.1,1277,852,?
9,-,running,827,436.2,29.3,?,3132,11415,5839212.5,448780.53,1288,851,?
9,-,running,828,436.6,29.3,?,3121,11426,5839223.0,448779.06,1299,849,?
9,-,running,829,437.0,29.3,?,3110,11437,5839234.0,448777.38,1310,848,?
9,-,running,830,437.4,29.3,?,3097,11450,5839247.0,448774.66,1323,845,?
9,-,running,831,438.0,29.3,?,3080,11467,5839264.0,448771.2,1340,841,?
9,-,running,832,438.4,29.3,?,3069,11478,5839274.5,448769.0,1350,839,?
9,-,running,833,438.8,29.3,?,3058,11489,5839285.5,448766.9,1361,837,?
9,-,running,834,439.1,29.3,?,3047,11501,5839296.5,448764.84,1372,835,?
9,-,running,835,439.5,29.3,?,3034,11513,5839308.5,448762.7,1384,833,?
9,*,running,836,440.0,29.3,40.01,3023,11525,5839320.0,448760.3,1396,830,2
9,-,running,837,440.3,31.58,?,3011,11536,5839331.5,448758.0,1407,828,?
9,-,running,838,440.7,31.58,?,3000,11547,5839342.5,448755.8,1418,826,?
9,-,running,839,441.0,31.58,?,2988,11559,5839353.5,448753.56,1429,824,?
9,-,running,840,441.4,31.58,?,2978,11569,5839363.5,448751.28,1439,821,?
9,-,running,841,441.7,31.58,?,2968,11579,5839373.5,448748.97,1449,819,?
9,-,running,842,442.0,31.58,?,2957,11590,5839384.0,448746.66,1460,817,?
9,-,running,843,442.3,31.58,?,2947,11600,5839394.0,448744.38,1470,815,?
9,-,running,844,442.7,31.58,?,2937,11610,5839403.5,448742.12,1479,812,?
9,-,running,845,443.3,31.58,?,2916,11631,5839424.0,448737.4,1500,808,?
9,-,running,846,443.6,31.58,?,2906,11641,5839434.0,448735.0,1510,805,?
9,-,running,847,444.0,31.58,?,2895,11653,5839445.0,448732.4,1521,803,?
9,-,running,848,444.4,31.58,?,2883,11664,5839456.0,448729.84,1532,800,?
9,-,running,849,444.7,31.58,?,2871,11676,5839467.5,448727.2,1543,797,?
9,-,running,850,445.1,31.58,?,2859,11688,5839479.5,448724.47,1555,795,?
9,-,running,851,445.5,31.58,?,2847,11700,5839491.5,448721.62,1567,792,?
9,-,running,852,445.9,31.58,?,2834,11713,5839503.5,448718.84,1579,789,?
9,-,running,853,446.3,31.58,?,2822,11725,5839516.0,448716.0,1592,786,?
9,-,running,854,446.7,31.58,?,2809,11738,5839528.5,448713.22,1604,783,?
9,-,running,855,447.1,31.58,?,2796,11752,5839541.5,448710.3,1617,780,?
9,-,running,856,447.6,31.58,?,2782,11765,5839554.5,448707.28,1630,777,?
9,-,running,857,448.0,31.58,?,2768,11779,5839568.0,448704.12,1644,774,?
9,-,running,858,448.4,31.58,?,2754,11793,5839581.5,448701.1,1657,771,?
9,-,running,859,448.9,31.58,?,2741,11806,5839594.5,448698.2,1670,768,?
9,-,running,860,449.3,31.58,?,2728,11819,5839607.5,448695.22,1683,765,?
9,-,running,861,449.7,31.58,?,2715,11832,5839620.0,448692.44,1696,763,?
9,-,running,862,450.1,31.58,?,2702,11845,5839632.5,448689.94,1708,760,?
9,-,running,863,450.5,31.58,?,2690,11857,5839644.5,448687.62,1720,758,?
9,-,running,864,450.9,31.58,?,2677,11870,5839657.0,448685.4,1733,756,?
9,-,running,865,451.3,31.58,?,2665,11882,5839669.0,448683.44,1745,754,?
9,-,running,866,451.7,31.58,?,2653,11895,5839681.5,448681.94,1757,752,?
9,-,running,867,452.0,31.58,?,2641,11907,5839693.5,448680.97,1769,751,?
9,-,running,868,452.4,31.58,?,2629,11919,5839705.5,448680.1,1781,750,?
9,-,running,869,452.8,31.58,?,2617,11930,5839717.0,448678.88,1793,749,?
9,-,running,870,453.1,31.58,?,2606,11941,5839728.0,448677.03,1804,747,?
9,-,running,871,453.5,31.58,?,2595,11952,5839738.0,448674.34,1814,745,?
9,-,running,872,454.1,31.58,?,2576,11971,5839757.0,448668.8,1833,739,?
9,-,running,873,454.7,31.58,?,2555,11992,5839777.5,448667.47,1853,738,?
9,-,running,874,455.1,31.58,?,2545,12002,5839787.5,448667.38,1863,738,?
9,-,running,875,455.4,31.58,?,2535,12013,5839798.0,448666.94,1874,737,?
9,-,running,876,455.7,31.58,?,2524,12024,5839809.0,448666.12,1885,736,?
9,-,running,877,456.1,31.58,?,2513,12034,5839819.5,448664.88,1895,735,?
9,-,running,878,456.7,31.58,?,2494,12053,5839838.5,448661.44,1914,732,?
9,-,running,879,457.3,31.58,?,2475,12072,5839856.5,448658.44,1932,729,?
9,-,running,880,457.8,31.58,?,2458,12089,5839873.5,448657.94,1949,728,?
9,-,running,881,458.2,31.58,?,2446,12101,5839886.0,448658.28,1962,728,?
9,-,running,882,458.5,31.58,?,2436,12111,5839895.0,448662.1,1971,732,?
9,-,running,883,458.9,31.58,?,2425,12122,5839885.0,448667.3,1961,737,?
9,-,running,884,459.4,31.58,?,2407,12140,5839867.5,448669.84,1943,740,?
9,*,running,885,460.0,31.58,21.45,2391,12156,5839853.0,448677.4,1929,748,3
9,-,running,886,460.5,40.76,?,2370,12177,5839837.0,448690.2,1913,760,?
9,-,running,887,460.7,40.76,?,2359,12188,5839828.0,448697.25,1904,767,?
9,-,running,888,461.0,40.76,?,2347,12200,5839818.0,448704.12,1894,774,?
9,-,running,889,461.3,40.76,?,2334,12213,5839807.0,448709.94,1883,780,?
9,-,running,890,461.7,40.76,?,2321,12226,5839795.0,448714.56,1871,785,?
9,-,running,891,462.0,40.76,?,2309,12238,5839783.0,448718.62,1859,789,?
9,-,running,892,462.3,40.76,?,2297,12250,5839771.5,448722.4,1847,793,?
9,-,running,893,462.5,40.76,?,2285,12262,5839760.5,448726.7,1836,797,?
9,-,running,894,462.8,40.76,?,2274,12273,5839751.0,448731.84,1827,802,?
9,-,running,895,463.1,40.76,?,2262,12285,5839741.0,448738.03,1817,808,?
9,-,running,896,463.4,40.76,?,2250,12297,5839731.5,448745.38,1807,816,?
9,-,running,897,463.7,40.76,?,2237,12310,5839721.0,448753.1,1797,823,?
9,-,running,898,464.0,40.76,?,2224,12323,5839710.0,448760.62,1786,831,?
9,-,running,899,464.4,40.76,?,2210,12337,5839698.0,448768.0,1774,838,?
9,-,running,900,464.7,40.76,?,2195,12352,5839685.5,448775.38,1761,846,?
9,-,running,901,465.1,40.76,?,2181,12367,5839672.5,448782.6,1748,853,?
9,-,running,902,465.5,40.76,?,2165,12382,5839659.0,448789.22,1735,859,?
9,-,running,903,465.8,40.76,?,2151,12397,5839645.5,448795.56,1721,866,?
9,-,running,904,466.2,40.76,?,2137,12410,5839633.5,448802.25,1709,872,?
9,-,running,905,466.5,40.76,?,2123,12424,5839621.0,448808.88,1697,879,?
9,-,running,906,466.9,40.76,?,2109,12439,5839608.5,448815.5,1684,886,?
9,-,running,907,467.2,40.76,?,2094,12453,5839596.0,448822.53,1672,893,?
9,-,running,908,467.6,40.76,?,2079,12468,5839583.0,448829.7,1659,900,?
9,-,running,909,467.9,40.76,?,2065,12482,5839570.5,448836.78,1646,907,?
9,-,running,910,468.3,40.76,?,2051,12496,5839558.0,448843.5,1634,914,?
9,-,running,911,468.6,40.76,?,2037,12510,5839546.0,448849.3,1622,919,?
9,-,running,912,468.9,40.76,?,2024,12523,5839534.0,448854.72,1610,925,?
9,-,running,913,469.2,40.76,?,2012,12535,5839522.5,448859.6,1598,930,?
9,-,running,914,469.5,40.76,?,2001,12546,5839512.5,448864.03,1588,934,?
9,-,running,915,469.9,40.76,?,1984,12563,5839497.5,448871.62,1573,942,?
9,-,running,916,470.2,40.76,?,1974,12573,5839488.5,448876.0,1564,946,?
9,-,running,917,470.5,40.76,?,1961,12586,5839476.5,448881.0,1552,951,?
9,*,running,918,471.0,40.76,52.82,1942,12605,5839459.5,448888.53,1535,959,5
9,-,running,919,471.3,35.17,?,1931,12616,5839449.5,448893.22,1525,963,?
9,-,running,920,471.6,35.17,?,1919,12628,5839438.5,448898.38,1514,969,?
9,-,running,921,472.0,35.17,?,1907,12641,5839427.0,448903.8,1503,974,?
9,-,running,922,472.4,35.17,?,1892,12655,5839414.0,448909.22,1490,979,?
9,-,running,923,472.8,35.17,?,1878,12669,5839401.0,448914.4,1477,985,?
9,-,running,924,473.2,35.17,?,1864,12683,5839387.5,448919.4,1463,990,?
9,-,running,925,473.6,35.17,?,1850,12697,5839374.0,448924.12,1450,994,?
9,-,running,926,474.0,35.17,?,1836,12711,5839361.0,448928.53,1437,999,?
9,-,running,927,474.4,35.17,?,1822,12725,5839348.0,448932.56,1424,1003,?
9,-,running,928,474.7,35.17,?,1809,12738,5839335.5,448936.44,1411,1007,?
9,-,running,929,475.1,35.17,?,1796,12751,5839322.5,448939.8,1398,1010,?
9,-,running,930,475.5,35.17,?,1783,12765,5839309.5,448942.84,1385,1013,?
9,-,running,931,475.9,35.17,?,1770,12777,5839297.0,448945.8,1373,1016,?
9,-,running,932,476.2,35.17,?,1756,12791,5839284.0,448948.72,1360,1019,?
9,-,running,933,476.6,35.17,?,1743,12805,5839270.5,448951.56,1346,1022,?
9,-,running,934,477.0,35.17,?,1729,12818,5839257.5,448954.47,1333,1025,?
9,-,running,935,477.4,35.17,?,1715,12832,5839244.0,448957.38,1320,1028,?
9,-,running,936,477.8,35.17,?,1701,12846,5839230.0,448960.2,1306,1030,?
9,-,running,937,478.2,35.17,?,1686,12861,5839215.5,448963.1,1291,1033,?
9,-,running,938,478.6,35.17,?,1672,12875,5839201.5,448965.84,1277,1036,?
9,-,running,939,479.0,35.17,?,1658,12889,5839187.5,448968.4,1263,1039,?
9,-,running,940,479.5,35.17,?,1643,12904,5839173.0,448970.8,1249,1041,?
9,-,running,941,479.9,35.17,?,1628,12920,5839157.5,448972.94,1233,1043,?
9,-,running,942,480.3,35.17,?,1612,12935,5839142.5,448975.22,1218,1045,?
9,-,running,943,480.8,35.17,?,1598,12949,5839128.0,448977.84,1204,1048,?
9,-,running,944,481.2,35.17,?,1583,12964,5839113.5,448980.53,1189,1051,?
9,-,running,945,481.6,35.17,?,1569,12978,5839099.5,448983.16,1175,1053,?
9,-,running,946,482.0,35.17,?,1554,12993,5839085.0,448985.78,1161,1056,?
9,-,running,947,482.4,35.17,?,1539,13008,5839070.5,448988.8,1146,1059,?
9,-,running,948,482.8,35.17,?,1524,13023,5839056.0,448991.75,1132,1062,?
9,-,running,949,483.2,35.17,?,1510,13037,5839042.0,448994.78,1118,1065,?
9,-,running,950,483.7,35.17,?,1496,13051,5839028.0,448997.88,1104,1068,?
9,-,running,951,484.1,35.17,?,1481,13066,5839013.5,449000.9,1089,1071,?
9,-,running,952,484.5,35.17,?,1466,13081,5838999.5,449004.28,1075,1074,?
9,-,running,953,484.9,35.17,?,1452,13095,5838986.0,449007.72,1062,1078,?
9,-,running,954,485.3,35.17,?,1439,13108,5838973.0,449011.22,1049,1081,?
9,-,running,955,485.6,35.17,?,1426,13122,5838960.0,449014.75,1036,1085,?
9,-,running,956,486.1,35.17,?,1411,13136,5838946.0,449018.38,1022,1089,?
9,-,running,957,486.4,35.17,?,1398,13149,5838933.5,449021.97,1009,1092,?
9,-,running,958,486.8,35.17,?,1385,13162,5838921.0,449025.5,997,1096,?
9,-,running,959,487.1,35.17,?,1374,13174,5838910.0,449028.94,986,1099,?
9,-,running,960,487.4,35.17,?,1363,13185,5838899.5,449032.16,975,1102,?
9,-,running,961,487.9,35.17,?,1345,13202,5838883.0,449037.3,959,1107,?
9,-,running,962,488.3,35.17,?,1333,13214,5838871.0,449040.56,947,1111,?
9,-,running,963,488.5,35.17,?,1323,13224,5838862.0,449043.25,938,1113,?
9,-,running,964,488.9,35.17,?,1312,13236,5838850.5,449046.3,926,1116,?
9,-,running,965,489.4,35.17,?,1295,13252,5838834.0,449050.12,910,1120,?
9,-,running,966,489.6,35.17,?,1285,13262,5838824.5,449052.3,900,1122,?
9,*,running,967,490.0,35.17,18.63,1274,13273,5838814.0,449054.72,890,1125,5
9,-,running,968,490.2,39.57,?,1262,13285,5838802.5,449057.22,878,1127,?
9,-,running,969,490.5,39.57,?,1251,13297,5838791.0,449059.8,867,1130,?
9,-,running,970,490.9,39.57,?,1237,13310,5838778.0,449062.3,854,1132,?
9,-,running,971,491.2,39.57,?,1224,13323,5838765.0,449064.94,841,1135,?
9,-,running,972,491.6,39.57,?,1210,13337,5838751.5,449067.78,827,1138,?
9,-,running,973,491.9,39.57,?,1195,13352,5838737.0,449070.66,813,1141,?
9,-,running,974,492.3,39.57,?,1181,13366,5838722.5,449073.56,798,1144,?
9,-,running,975,492.7,39.57,?,1165,13382,5838707.5,449076.44,783,1147,?
9,-,running,976,493.1,39.57,?,1151,13396,5838693.0,449079.4,769,1150,?
9,-,running,977,493.4,39.57,?,1136,13411,5838678.5,449082.56,754,1153,?
9,-,running,978,493.8,39.57,?,1122,13425,5838665.0,449086.7,741,1157,?
9,-,running,979,494.2,39.57,?,1108,13440,5838652.0,449092.16,728,1162,?
9,-,running,980,494.5,39.57,?,1094,13454,5838639.5,449098.56,715,1169,?
9,-,running,981,494.9,39.57,?,1080,13467,5838627.5,449105.22,703,1175,?
9,-,running,982,495.2,39.57,?,1067,13481,5838616.0,449111.72,692,1182,?
9,-,running,983,495.5,39.57,?,1053,13494,5838604.5,449118.34,680,1189,?
9,-,running,984,495.9,39.57,?,1040,13507,5838593.0,449124.84,669,1195,?
9,-,running,985,496.2,39.57,?,1028,13519,5838582.5,449131.16,658,1201,?
9,-,running,986,496.6,39.57,?,1012,13536,5838568.5,449139.53,644,1210,?
9,-,running,987,496.9,39.57,?,999,13548,5838558.0,449145.44,634,1216,?
9,-,running,988,497.3,39.57,?,984,13563,5838544.5,449153.0,620,1223,?
9,-,running,989,497.5,39.57,?,974,13574,5838535.5,449158.25,611,1228,?
9,-,running,990,497.8,39.57,?,962,13585,5838526.0,449164.38,602,1235,?
9,-,running,991,498.1,39.57,?,950,13597,5838516.0,449170.8,592,1241,?
9,-,running,992,498.4,39.57,?,938,13609,5838506.0,449177.6,582,1248,?
9,-,running,993,498.7,39.57,?,926,13621,5838496.0,449184.47,572,1255,?
9,-,running,994,499.1,39.57,?,914,13633,5838486.0,449191.53,562,1262,?
9,-,running,995,499.4,39.57,?,901,13646,5838475.5,449199.06,551,1269,?
9,-,running,996,499.7,39.57,?,888,13659,5838465.5,449207.2,541,1277,?
9,-,running,997,500.1,39.57,?,874,13673,5838454.5,449215.88,530,1286,?
9,-,running,998,500.4,39.57,?,860,13687,5838444.0,449224.62,520,1295,?
9,-,running,999,500.8,39.57,?,846,13701,5838433.5,449233.84,509,1304,?
9,-,running,1000,501.1,39.57,?,831,13716,5838422.0,449243.5,498,1314,?
9,-,running,1001,501.5,39.57,?,818,13729,5838412.0,449253.06,488,1323,?
9,-,running,1002,501.8,39.57,?,803,13744,5838401.5,449262.56,477,1333,?
9,-,running,1003,502.2,39.57,?,790,13757,5838392.0,449271.72,468,1342,?
9,-,running,1004,502.5,39.57,?,778,13769,5838383.0,449280.47,459,1351,?
9,-,running,1005,502.8,39.57,?,766,13781,5838375.0,449289.06,451,1359,?
9,-,running,1006,503.1,39.57,?,754,13793,5838367.0,449297.62,443,1368,?
9,-,running,1007,503.4,39.57,?,742,13805,5838359.0,449306.38,435,1377,?
9,-,running,1008,503.7,39.57,?,730,13817,5838350.5,449315.44,426,1386,?
9,-,running,1009,504.0,39.57,?,717,13830,5838341.5,449324.3,417,1394,?
9,-,running,1010,504.3,39.57,?,704,13843,5838332.5,449333.62,408,1404,?
9,-,running,1011,504.7,39.57,?,691,13856,5838323.5,449343.34,399,1414,?
9,-,running,1012,505.0,39.57,?,678,13869,5838314.5,449353.3,390,1423,?
9,-,running,1013,505.4,39.57,?,664,13883,5838306.0,449363.75,382,1434,?
9,-,running,1014,505.7,39.57,?,650,13897,5838297.5,449374.8,373,1445,?
9,-,running,1015,506.1,39.57,?,636,13911,5838289.5,449386.72,365,1457,?
9,-,running,1016,506.4,39.57,?,622,13926,5838282.0,449399.06,358,1469,?
9,-,running,1017,506.8,39.57,?,607,13940,5838274.0,449411.34,350,1482,?
9,-,running,1018,507.2,39.57,?,593,13955,5838266.5,449423.5,342,1494,?
9,-,running,1019,507.5,39.57,?,578,13969,5838258.5,449435.25,334,1505,?
9,-,running,1020,507.9,39.57,?,565,13982,5838250.5,449446.06,326,1516,?
9,-,running,1021,508.2,39.57,?,553,13994,5838243.5,449455.78,319,1526,?
9,-,running,1022,508.5,39.57,?,541,14006,5838236.0,449465.3,312,1535,?
9,-,running,1023,508.8,39.57,?,529,14018,5838229.5,449475.25,305,1545,?
9,-,running,1024,509.1,39.57,?,517,14030,5838223.0,449485.25,299,1555,?
9,-,running,1025,509.4,39.57,?,505,14042,5838216.5,449495.2,292,1565,?
9,-,running,1026,509.7,39.57,?,493,14054,5838210.0,449505.47,286,1576,?
9,-,running,1027,510.0,39.57,?,481,14067,5838203.5,449516.06,279,1586,?
9,-,running,1028,510.3,39.57,?,468,14079,5838197.0,449526.8,273,1597,?
9,-,running,1029,510.6,39.57,?,455,14092,5838190.5,449537.9,266,1608,?
9,*,running,1030,511.0,39.57,18.28,443,14104,5838185.0,449548.6,261,1619,3
9,-,running,1031,511.5,19.07,?,432,14115,5838180.0,449558.0,256,1628,?
9,-,running,1032,512.4,19.07,?,416,14131,5838172.0,449571.97,248,1642,?
9,-,running,1033,512.9,19.07,?,406,14141,5838165.5,449579.88,241,1650,?
9,-,running,1034,513.6,19.07,?,392,14155,5838158.5,449592.3,234,1662,?
9,-,running,1035,514.4,19.07,?,378,14169,5838151.0,449604.34,227,1675,?
9,-,running,1036,515.3,19.07,?,360,14187,5838139.5,449617.94,215,1688,?
9,-,running,1037,516.4,19.07,?,340,14207,5838124.0,449630.7,200,1701,?
9,-,running,1038,516.9,19.07,?,329,14218,5838114.5,449636.22,190,1706,?
9,-,running,1039,517.5,19.07,?,317,14230,5838104.0,449640.84,180,1711,?
9,-,running,1040,518.2,19.07,?,306,14241,5838093.0,449644.62,169,1715,?
9,-,running,1041,518.7,19.07,?,295,14252,5838083.0,449647.56,159,1718,?
9,-,running,1042,519.3,19.07,?,285,14263,5838072.5,449649.5,148,1720,?
9,-,running,1043,520.2,19.07,?,267,14280,5838055.0,449651.62,131,1722,?
9,*,running,1044,521.0,19.07,24.26,252,14295,5838040.5,449649.7,116,1720,6
9,-,running,1045,521.7,21.8,?,237,14310,5838026.5,449643.0,102,1713,?
9,-,running,1046,522.5,21.8,?,219,14328,5838011.5,449633.6,87,1704,?
9,-,running,1047,523.0,21.8,?,208,14339,5838005.5,449624.2,81,1694,?
9,-,running,1048,523.6,21.8,?,194,14353,5837995.0,449615.62,71,1686,?
9,-,running,1049,524.2,21.8,?,181,14366,5837984.0,449607.88,60,1678,?
9,-,running,1050,525.0,21.8,?,165,14382,5837969.0,449602.2,45,1672,?
9,-,running,1051,525.6,21.8,?,150,14397,5837954.0,449601.75,30,1672,?
9,-,running,1052,526.4,21.8,?,134,14413,5837939.0,449606.06,15,1676,?
9,-,running,1053,527.2,21.8,?,116,14431,5837922.0,449612.25,-2,1682,?
9,-,running,1054,528.0,21.8,?,99,14448,5837905.0,449616.12,-19,1686,?
9,-,running,1055,528.7,21.8,?,84,14463,5837890.0,449614.4,-34,1685,?
9,-,running,1056,529.3,21.8,?,71,14477,5837878.5,449608.16,-45,1678,?
9,-,running,1057,529.8,21.8,?,60,14487,5837869.5,449602.3,-54,1672,?
9,-,running,1058,530.5,21.8,?,45,14503,5837857.0,449593.53,-67,1664,?
9,*,running,1059,531.0,21.8,25.67,34,14513,5837848.5,449587.7,-75,1658,3
9,-,running,1060,538.5,1.73,?,21,14526,5837838.0,449579.7,-86,1650,?
9,-,running,1061,544.4,1.73,?,11,14536,5837829.5,449573.97,-94,1644,?
9,*,running,1062,551.0,1.73,13.39,0,14548,5837820.5,449567.12,-103,1637,320
9,*,end
